enterprise_id,enterprise_name,business_scale_10k,sales_scale_10k,purchase_scale_10k,net_sales_10k,operating_net_inflow_proxy_10k,sales_growth_trend,sales_monthly_cv,invoice_activity_per_month,sales_return_rate,purchase_return_rate,void_invoice_rate,zero_amount_invoice_rate,customer_count,supplier_count,customer_hhi,supplier_hhi,max_customer_share,max_supplier_share,purchase_sales_ratio,active_month_ratio,longest_active_streak_ratio,audit_all_invoice_count,audit_valid_invoice_count,audit_void_invoice_count,audit_positive_invoice_count,audit_negative_invoice_count,audit_zero_invoice_count,audit_negative_amount_10k,audit_missing_counterparty_count
E124,个体经营E124,171035.533,84462.11772,86573.41531,80843.77482,-3576.504906,0.1131553028,1.156211273,399.097561,0.04283983161,0.02487063241,0.1251603935,0,52,1401,0.07066086337,0.03054079744,0.1673953993,0.1482110452,1.024996977,0.6097560976,0.6097560976,18704,16363,2341,15980,383,0,5771.478489,0
E125,个体经营E125,208811.5747,106109.4539,102702.1208,102484.111,2363.930135,0.07622965386,0.8694231638,467.2195122,0.03416606878,0.02514008389,0.1246172828,0,63,1787,0.05870325118,0.0161741553,0.1601816565,0.1035271953,0.9678885059,0.8780487805,0.8780487805,21883,19156,2727,18718,438,0,6207.282832,0
E126,个体经营E126,68471.48899,55578.86381,12892.62518,53800.73764,40918.86527,0.06144075924,0.8059876246,43.3902439,0.03199284845,0.0008340285899,0.1317715959,0,143,72,0.06275690418,0.2959783079,0.1781226736,0.4235036157,0.2319699306,0.8780487805,0.8780487805,2049,1779,270,1744,35,0,1788.878985,0
E127,个体经营E127,67464.73505,67288.07515,176.659894,67150.81755,66974.26166,0.008861053596,0.9343845096,129.9512195,0.002039850296,0.0005887018137,0.02702702703,0,25,297,0.1338293521,0.06336388688,0.2242980627,0.1698178309,0.002625426476,0.8780487805,0.8780487805,5476,5328,148,5322,6,0,137.3616,0
E128,个体经营E128,26042.56448,25068.92188,973.642601,25068.92188,24132.87188,0.03451665561,1.567892292,104.7560976,-0,0.03861027235,0.04065222247,0,7,532,0.9524462051,0.02573704755,0.9758447201,0.07487994047,0.03883863078,0.8780487805,0.8780487805,4477,4295,182,4280,15,0,37.592606,0
E129,个体经营E129,46845.4736,38145.52103,8699.952572,37439.90723,28882.12655,0.01566317927,0.7204270363,270.9512195,0.01849794634,0.01634168564,0.08515193939,0,796,1368,0.01059876172,0.04122262357,0.04377971397,0.1462582801,0.2280727157,0.8780487805,0.8780487805,12143,11109,1034,10994,115,0,847.785691,0
E130,个体经营E130,20001.49123,12214.52281,7786.96842,12014.44221,4273.744601,0.1551108142,2.158120213,108.3902439,0.01638054986,0.0059420824,0.04079430175,0,14,517,0.7890706341,0.04511522992,0.8853324151,0.1329143698,0.637517203,0.756097561,0.756097561,4633,4444,189,4405,39,0,246.351408,0
E131,个体经营E131,37198.11886,24436.0226,12762.09626,24176.05974,11665.69271,0.02510699841,0.5573336127,234.7317073,0.01063850984,0.01972475579,0.07577067128,0,816,906,0.009693601295,0.06481358255,0.0377551214,0.2269219681,0.522265692,0.8780487805,0.8780487805,10413,9624,789,9452,172,0,511.692099,0
E132,个体经营E132,29440.23374,22365.21363,7075.020108,22102.62347,15085.43469,0.06186846841,0.8591038502,163.6341463,0.01174100835,0.008174016062,0.03564754923,0,98,682,0.02618043052,0.07241198301,0.07199538758,0.2267131366,0.3163403768,0.8292682927,0.8292682927,6957,6709,248,6691,18,0,320.421488,0
E133,个体经营E133,16012.40844,11946.46649,4065.941954,11706.46649,7640.563282,0.0650279705,1.989147102,42.41463415,0.02008962234,9.530386916e-06,0.04187327824,0,9,282,0.4536016607,0.06980435976,0.6208708651,0.1802140828,0.3403468263,0.8536585366,0.8292682927,1815,1739,76,1734,5,0,240.03875,0
E134,***工程咨询有限公司,13756.28659,13326.36936,429.917238,13018.44002,12588.91709,0.003693038185,0.8841779561,109.7317073,0.02310676852,0.0009171509424,0.05582371459,0,1642,580,0.007578886254,0.1214414336,0.0698687085,0.3291331156,0.03226064253,0.9024390244,0.9024390244,4765,4499,266,4434,65,0,308.323631,0
E135,***建设工程有限公司,17826.83916,15157.87209,2668.967064,14329.58801,11691.49227,-0.02943798172,0.9491807417,78.3902439,0.05464382302,0.01156676694,0.02723970944,0,73,364,0.09900272519,0.05049455437,0.2433469855,0.12881253,0.1760779513,0.9024390244,0.9024390244,3304,3214,90,3195,19,0,859.1554,0
E136,***机械有限责任公司,26703.1779,13491.9225,13211.2554,13456.5225,245.521575,0.05314281527,1.329342574,62.68292683,0.002623792125,1.926198475e-05,0.02762012864,0,4,16,0.6415337815,0.9994228077,0.7882145039,0.9997113522,0.9791973976,0.7073170732,0.6585365854,2643,2570,73,2565,5,0,35.654475,0
E137,***建设工程有限公司,26887.1348,15740.80731,11146.32749,15353.80731,4523.663132,0.05142410125,1.39752545,82.24390244,0.02458577844,0.02836659082,0.04611032532,0,25,675,0.1452361805,0.03612817991,0.2771810868,0.08971564858,0.708116634,0.9024390244,0.9024390244,3535,3372,163,3329,43,0,703.183312,0
E138,个体经营E138,14880.03634,12491.68059,2388.355743,12414.1306,10026.62904,0.03856136076,0.7553593615,47.58536585,0.006208131837,0.0003576485632,0.03031809145,0,118,54,0.04236219657,0.1726067763,0.102208345,0.2656401174,0.1911957102,0.8780487805,0.8780487805,2012,1951,61,1914,37,0,78.404192,0
E139,个体经营E139,19913.75612,19783.73812,130.017995,19710.83056,19581.42966,0.009481230385,0.5818064247,308.9268293,0.003685227157,0.004746266084,0.0472393561,0,167,77,0.1064927382,0.07804866453,0.284769837,0.1377716984,0.006571963002,0.8780487805,0.8780487805,13294,12666,628,12632,34,0,73.524669,0
E140,***建筑工程有限公司,20054.76142,19224.38855,830.372876,18819.3666,18079.52413,0.04137804593,0.888717662,67.04878049,0.02106813156,0.1090238008,0.05823912299,0,20,561,0.1353738329,0.1081835248,0.2234308003,0.252898434,0.04319372104,0.9024390244,0.9024390244,2919,2749,170,2710,39,0,495.552354,0
E141,***食品有限公司,20700.0705,16592.72178,4107.348716,16184.00436,12079.15995,0.1191947212,0.6259295615,141.8292683,0.02463233135,0.0006097120486,0.05493255323,0,1104,208,0.01614217404,0.05495864842,0.07509732799,0.1131542596,0.2475391783,0.8780487805,0.8780487805,6153,5815,338,5668,147,0,411.221721,0
E142,***运业有限公司,16390.06956,10724.73297,5665.336587,10675.86324,5075.882061,-0.02481445441,0.7296829791,50.48780488,0.004556731448,0.01153601432,0.0603722197,0,66,96,0.3027100964,0.2418251683,0.4331999159,0.4355017701,0.5282496638,0.9024390244,0.9024390244,2203,2070,133,2049,21,0,114.225132,0
E143,***电子科技有限公司,14116.58275,10454.27279,3662.309968,10294.85269,6663.997453,0.1536820295,1.315399493,114.097561,0.01524927685,0.008588769185,0.03824013158,0,76,598,0.388155577,0.08218703208,0.5945070238,0.2405118883,0.3503170467,0.9268292683,0.9268292683,4864,4678,186,4614,64,0,190.874835,0
E144,***劳务有限公司,12467.31045,11503.56773,963.742715,10944.53173,10010.36986,0.1698635532,1.405194362,89.73170732,0.04859674956,0.03069371165,0.04142782699,0,28,671,0.1335209361,0.07131465774,0.2698397647,0.2075242665,0.08377772337,0.7317073171,0.7317073171,3838,3679,159,3610,69,0,588.616841,0
E145,***工贸有限公司,26617.462,13665.56829,12951.89371,13403.85278,501.675338,-0.06646008739,0.5199714616,164.8780488,0.0191514552,0.003838532968,0.068742251,0,388,377,0.08970575219,0.1542634125,0.2457581049,0.3576408327,0.9477757111,0.9024390244,0.9024390244,7259,6760,499,6662,98,0,311.43179,0
E146,***基础建设工程有限公司,28422.18059,14630.67941,13791.50118,14311.65324,578.836233,0.01566411709,0.7608007324,111.8536585,0.02180528703,0.004255096688,0.05676676265,0,63,383,0.08113436959,0.3937620295,0.2163119505,0.6162536683,0.9426425662,0.9024390244,0.9024390244,4862,4586,276,4546,40,0,377.710335,0
E147,***装饰工程有限责任公司,35930.44769,20123.56663,15806.88107,19981.71033,4341.339125,-0.04511100173,0.8685991768,193.097561,0.007049261974,0.01053401094,0.05321693375,0,143,732,0.06040225329,0.04772116664,0.1110334851,0.1614841748,0.7854910295,0.9024390244,0.9024390244,8362,7917,445,7831,86,0,308.366151,0
E148,***商贸有限公司,11554.18118,8530.291529,3023.889653,8459.659529,5436.549396,0.1476652402,1.873193975,19.04878049,0.00828013905,0.0002577871845,0.05562273277,0,186,134,0.01031371314,0.4688244079,0.05711223331,0.6766801556,0.3544884302,0.8780487805,0.8536585366,827,781,46,778,3,0,71.41152,0
E149,***建筑劳务有限公司,11094.97336,11031.22837,63.744994,10715.79467,10652.04967,0.09046599271,1.331973582,34.92682927,0.02859461272,-0,0.05727452271,0,10,109,0.2400735066,0.2031466821,0.380666007,0.3740058396,0.005778594357,0.8292682927,0.8048780488,1519,1432,87,1400,32,0,315.433703,0
E150,***建设工程有限公司,21214.32408,12327.70628,8886.617795,12327.54293,3497.614323,0.02569322132,0.9506113058,89.70731707,1.325064017e-05,0.006379163514,0.04293520687,0,126,463,0.07565069187,0.03565682156,0.1534128196,0.09717195225,0.7208654711,0.9024390244,0.9024390244,3843,3678,165,3661,17,0,56.852538,0
E151,***路桥工程有限公司,12068.64616,10883.11391,1185.532248,10883.11391,9697.599666,0.01542682004,1.469529493,22.46341463,-0,1.518305388e-05,0.02950474183,0,5,171,0.2726857002,0.2848737541,0.3742435018,0.4428943632,0.1089331838,0.756097561,0.7317073171,949,921,28,920,1,0,0.018,0
E152,***运贸有限责任公司,13414.53017,12728.78682,685.743356,12659.7589,11999.2976,0.02002419211,0.4620183082,58.02439024,0.005422977146,0.03686810784,0.0237997538,0,15,148,0.7040398998,0.1867913399,0.8295890308,0.3673136572,0.05387342611,0.9024390244,0.9024390244,2437,2379,58,2347,32,0,94.30998,0
E153,个体经营E153,25564.63493,25555.32723,9.3077,25466.71023,25457.40253,-0.03232760664,1.40849285,8.56097561,0.003467652721,-0,0.176056338,0,6,33,0.4965470951,0.4297704511,0.5480395768,0.6446275664,0.0003642176019,0.7804878049,0.3658536585,426,351,75,350,1,0,88.617,0
E154,***汽车销售服务有限公司,23342.85926,8616.37084,14726.48842,8577.631648,-5588.152407,0.07055115955,0.9414767884,109.097561,0.004495998689,0.03807454648,0.03160857328,0,303,300,0.3656230941,0.3786276778,0.5823839402,0.5444828829,1.709128901,0.7317073171,0.7317073171,4619,4473,146,4397,76,0,599.44356,0
E155,个体经营E155,17750.48205,9108.580285,8641.901768,9048.342285,481.865517,0.08579917437,1.103676171,35.19512195,0.006613324812,0.008727824271,0.038,0,56,50,0.07542890066,0.164819689,0.1480251925,0.2487783157,0.9487649554,0.6097560976,0.6097560976,1500,1443,57,1427,16,0,135.663,0
E156,个体经营E156,18066.01706,17834.72701,231.290055,15865.2308,15641.45224,-0.002897304811,1.661610831,23.80487805,0.1104304096,0.03247651526,0.07488151659,0,32,151,0.1696621825,0.2035538126,0.3445525125,0.4232953293,0.01296852231,0.8780487805,0.8780487805,1055,976,79,937,39,0,1977.007703,0
E157,***环境设备工程有限公司,13301.42526,7929.254397,5372.170864,7236.114294,1928.766565,0.05535487082,1.704183503,58.29268293,0.08741554606,0.01206646934,0.06347962382,0,65,307,0.2373565445,0.05194488032,0.4562280788,0.1259885467,0.6775127389,0.9024390244,0.9024390244,2552,2390,162,2303,87,0,757.963238,0
E158,***装饰工程有限公司,15066.01141,8486.771188,6579.240219,8486.771188,1990.165762,0.109288655,1.967426788,47.75609756,-0,0.01255992945,0.09351851852,0,9,303,0.1785726521,0.8242211173,0.255613882,0.9075482182,0.7752347828,0.756097561,0.756097561,2160,1958,202,1945,13,0,82.634793,0
E159,个体经营E159,18404.14749,11381.51857,7022.628923,11208.31257,4210.163541,0.03367278207,0.8418750941,114.7560976,0.01521818015,0.003485858682,0.04699210047,0,80,1036,0.04388875602,0.03904138115,0.1258237858,0.1381291836,0.6170203808,0.8536585366,0.8292682927,4937,4705,232,4690,15,0,197.685892,0
E160,***钢结构工程有限公司,26629.77749,16209.86743,10419.91005,15648.3697,5252.360066,0.04776652149,0.8787351768,101.8536585,0.03463925509,0.00229372623,0.09079033312,0,65,424,0.1718603163,0.08153108405,0.3703991642,0.2317543184,0.6428127866,0.9024390244,0.9024390244,4593,4176,417,4102,74,0,585.398154,0
E161,***建筑劳务有限责任公司,16409.50824,16313.18919,96.319056,16013.18919,15916.87013,-0.016732382,1.120771342,11.80487805,0.01839002764,-0,0.09869646182,0,21,140,0.08945662436,0.1541972122,0.1774838179,0.3425075096,0.005904367006,0.9024390244,0.9024390244,537,484,53,481,3,0,300,0
E162,***网络信息安全有限公司,33282.36016,17468.62993,15813.73024,15125.20793,792.920064,0.08554333846,1.60821113,251,0.1341503031,0.09368076652,0.05361412544,0,99,1277,0.06805707881,0.04664603839,0.1558367377,0.135059965,0.9052644826,0.9268292683,0.9268292683,10874,10291,583,10022,269,0,3824.86437,0
E163,***物流有限公司,23063.24044,14707.05008,8356.190369,14353.35152,6016.685664,0.04178066918,1.005496987,85.46341463,0.02404959201,0.002336532695,0.05932885906,0,23,267,0.5737758347,0.1274491208,0.7366342019,0.2417369532,0.568175829,0.9268292683,0.9268292683,3725,3504,221,3485,19,0,373.223066,0
E164,个体经营E164,21032.76108,13265.85338,7766.907701,13073.92322,5497.002422,0.03481491395,0.8914518116,135.4146341,0.01446798494,0.02446107438,0.05175064048,0,85,503,0.04042002868,0.1963095161,0.1071483511,0.4269961799,0.5854811957,0.8780487805,0.8780487805,5855,5552,303,5494,58,0,381.917074,0
E165,***文化传媒股份有限公司,22376.38873,12781.57391,9594.814816,12251.94574,2953.737083,-0.04376661453,0.608407662,158.3658537,0.04143685072,0.03091317193,0.06319434425,0,241,917,0.04220469754,0.07468318897,0.1572576284,0.2410594139,0.7506755337,0.9024390244,0.9024390244,6931,6493,438,6331,162,0,826.23433,0
E166,***建筑工程有限公司,10975.9522,10656.90814,319.044061,8144.408139,7825.364078,0.06791182203,1.665000712,38.17073171,0.2357625652,-0,0.1021227768,0,14,73,0.4433243506,0.2500652444,0.6516430384,0.4701544969,0.02993776965,0.8292682927,0.756097561,1743,1565,178,1307,258,0,2512.5,0
E167,***体育文化股份有限公司,29882.28063,13917.30433,15964.9763,13783.92133,-2046.14963,0.04172649284,0.5157365316,285.6829268,0.009583968475,0.00845008082,0.04593956178,0,2434,1095,0.07877029287,0.1108747517,0.1880736619,0.2655049573,1.147131364,0.9024390244,0.9024390244,12277,11713,564,11525,188,0,268.288346,0
E168,***建材有限公司,9443.110622,9294.999696,148.110926,9294.999696,9146.88877,0.04905245491,1.05011146,20.97560976,-0,-0,0.01826484018,0,12,8,0.4105559052,0.4968425109,0.5900339813,0.5806912449,0.01593447346,0.7317073171,0.7073170732,876,860,16,860,0,0,-0,0
E169,***建筑设计有限公司,20396.09474,12441.43467,7954.660073,12205.65608,4273.092043,0.07351912357,0.9606446852,176.1219512,0.01895107713,0.002777747609,0.04052617592,0,168,1015,0.04520895514,0.03628883375,0.1158401452,0.09556750295,0.6393683917,0.9024390244,0.9024390244,7526,7221,305,7163,58,0,257.874626,0
E170,***建筑劳务有限公司,11423.34824,7941.05804,3482.290198,7786.55954,4397.727528,0.1083256857,1.186800786,49.58536585,0.01945565682,0.02683813832,0.04374412041,0,11,230,0.1781594324,0.09849638153,0.2908968807,0.2536521564,0.4385171573,0.8292682927,0.7804878049,2126,2033,93,1963,70,0,247.956686,0
E171,***质量检验测试站,15949.02902,11274.68951,4674.339511,11067.38271,6393.441402,0.0700335477,0.7788783589,215.5121951,0.01838691875,8.518829218e-05,0.0630898102,0,1439,325,0.01847114391,0.1089958241,0.07398170583,0.2449942477,0.4145869831,0.9268292683,0.9268292683,9431,8836,595,8715,121,0,207.704999,0
E172,***物流有限公司,12832.52424,8177.771266,4654.752977,8177.771266,3527.198289,0.08891577706,1.029792453,39.87804878,-0,0.0008980068375,0.0625,0,94,53,0.1192128257,0.1166952741,0.2176409374,0.1994749761,0.5691957901,0.9024390244,0.9024390244,1744,1635,109,1630,5,0,4.18,0
E173,***贸易有限责任公司,24782.61175,12522.10886,12260.5029,12372.71335,118.728756,-0.03437379619,0.480022944,89.85365854,0.01193053899,0.0005316504596,0.04336535965,0,341,204,0.03704204594,0.2474093215,0.0988855795,0.477036469,0.9791084741,0.9024390244,0.9024390244,3851,3684,167,3647,37,0,155.91381,0
E174,***工程技术有限公司,19314.01661,10562.43002,8751.586589,10523.5707,1836.076654,0.009627388721,0.9192192973,84.56097561,0.003679014195,0.007323534693,0.04961622807,0,83,433,0.04898911974,0.243024972,0.1270182385,0.4048415014,0.8285580655,0.8292682927,0.8292682927,3648,3467,181,3456,11,0,102.951878,0
E175,***食品集团有限公司,17940.20525,8683.933011,9256.27224,8514.064245,-397.844463,0.03717441787,1.609496874,187.8292683,0.01956127089,0.03720326316,0.05821205821,0,1788,597,0.03509896166,0.4378578473,0.1240088131,0.6299500389,1.065907836,0.9268292683,0.9268292683,8177,7701,476,7568,133,0,514.232298,0
E176,***科技有限公司,10343.45672,9858.580599,484.876123,9623.280079,9145.032615,0.06384732167,0.4831964543,124.3414634,0.02386758597,0.0136708299,0.0552260934,0,164,868,0.1108779908,0.04176349917,0.2604900577,0.1572645391,0.04918315757,0.9268292683,0.9268292683,5396,5098,298,5014,84,0,241.929179,0
E177,***电力工程有限公司,18975.45059,10669.67962,8305.770971,10498.98012,2558.009525,0.03070786898,1.835902325,95.02439024,0.01599855901,0.04392131378,0.05482775352,0,153,644,0.07268305291,0.1180595575,0.1224444311,0.3012954377,0.7784461451,0.9024390244,0.9024390244,4122,3896,226,3873,23,0,535.499872,0
E178,***贸易有限公司,18387.63343,9192.045742,9195.58769,9025.056782,-163.417262,0.07175485697,0.7532884444,32.97560976,0.0181666807,0.0007735934059,0.07142857143,0,180,29,0.02377629669,0.2309846309,0.0596853492,0.3719054518,1.000385327,0.9024390244,0.9024390244,1456,1352,104,1325,27,0,174.102606,0
E179,***园林有限公司,10470.78461,6666.657826,3804.126779,6509.375263,2731.548774,-0.0277696997,1.252722368,66.29268293,0.02359241574,0.006913620793,0.07235494881,0,41,350,0.06582669064,0.04126059707,0.1039045429,0.140636743,0.5706197735,0.9024390244,0.9024390244,2930,2718,212,2689,29,0,183.582853,0
E180,***电气有限公司,15796.7725,8574.711692,7222.06081,8546.303992,1360.02262,0.06395858664,0.7641003574,135.804878,0.0033129627,0.004954186754,0.03734439834,0,475,608,0.02217951882,0.7642250532,0.06280575013,0.87385934,0.8422511531,0.9268292683,0.9268292683,5784,5568,216,5531,37,0,64.187138,0
E181,***食品有限公司,18580.33334,8772.447528,9807.885807,8767.2437,-1016.614703,0.01624026761,0.5467199484,108.5121951,0.0005932013823,0.002449804624,0.03680450314,0,179,373,0.5380986518,0.07181444857,0.7245450554,0.1859654501,1.118032998,0.9024390244,0.9024390244,4619,4449,170,4407,42,0,29.231232,0
E182,***新材料科技有限公司,17407.30826,8956.785559,8450.522705,8956.785559,506.262854,-0.04905648567,0.6168768188,49.29268293,-0,-0,0.02649325626,0,42,152,0.08616116439,0.2263053646,0.1365372465,0.3666207631,0.9434771715,0.9024390244,0.9024390244,2076,2021,55,2021,0,0,-0,0
E183,***建设工程有限公司,9886.093708,6992.906812,2893.186896,6972.906812,4227.403696,0.0467990202,1.111495723,56.95121951,0.002860040973,0.05104536461,0.06187223785,0,9,416,0.7313164942,0.03380972681,0.8526778758,0.1087387615,0.4137316532,0.9024390244,0.9024390244,2489,2335,154,2320,15,0,167.68378,0
E184,***建筑装饰工程有限公司,10157.92609,5953.787222,4204.138867,5745.210306,1590.940686,-0.01532748757,1.72452083,63.56097561,0.03503264531,0.01186194095,0.02797463633,0,39,461,0.1640617273,0.03856521134,0.3364648291,0.1047900557,0.7061285045,0.8536585366,0.8292682927,2681,2606,75,2577,29,0,258.446163,0
E185,***生态魔芋有限公司,10297.95119,10194.55678,103.394417,10124.92678,10046.05836,0.05598614949,1.101539556,134.3658537,0.006830115475,0.2372081947,0.006850549847,0,312,20,0.1043324961,0.2090924467,0.2900611635,0.3388748834,0.01014211989,0.8048780488,0.512195122,5547,5509,38,5499,10,0,94.156003,0
E186,***建筑劳务有限公司,8927.480253,8600.732,326.748253,8600.732,8286.544075,0.0723299208,1.369578442,49.12195122,-0,0.03844038303,0.03497843795,0,5,220,0.7600671853,0.05792986755,0.8641976055,0.130448318,0.03799074928,0.8536585366,0.8292682927,2087,2014,73,2003,11,0,12.560328,0
E187,个体经营E187,8291.6891,368.724574,7922.964526,368.724574,-7511.09006,0.0237371211,2.661082724,90.48780488,-0,0.005446180134,0.08530571992,0,12,3655,0.2446028094,0.002001393149,0.3651687099,0.01262153827,21.4874871,0.6097560976,0.6097560976,4056,3710,346,3671,39,0,43.149892,0
E188,***硬质合金有限公司,18260.62493,9224.920261,9035.704665,9184.851714,157.694634,-0.05712597421,0.4696796601,111.1463415,0.004343511474,0.0009459787938,0.03432930706,0,241,369,0.03873845437,0.06872594552,0.1061926779,0.190864472,0.979488647,0.9024390244,0.9024390244,4719,4557,162,4547,10,0,48.616132,0
E189,***石油工程技术服务有限公司,8851.107135,5586.614624,3264.492511,5465.320624,2201.777155,0.04914744519,1.463507689,96.17073171,0.02171153877,0.0002907165499,0.02473410834,0,24,825,0.1397309344,0.06202521631,0.3087905503,0.1297568239,0.5843418118,0.9024390244,0.9024390244,4043,3943,100,3919,24,0,122.243042,0
E190,***劳务有限公司,13116.1072,12938.01479,178.092407,12326.72367,12158.63126,0.002921081089,1.018746575,11.36585366,0.04724767553,0.05615062522,0.1190926276,0,22,53,0.1300717864,0.2781587416,0.2820021483,0.4492050018,0.01376504895,0.8780487805,0.8048780488,529,466,63,451,15,0,621.291125,0
E191,***商贸有限责任公司,60267.42385,29853.48894,30413.93491,29853.29814,-557.067077,-0.1250525824,1.412622882,95.31707317,6.391212778e-06,0.0001173702124,0.04239157069,0,97,141,0.3600011557,0.3469757912,0.4325179004,0.5279873995,1.018773215,0.9024390244,0.9024390244,4081,3908,173,3903,5,0,3.76049,0
E192,***建设工程有限公司,6588.106326,4611.506586,1976.59974,4490.185186,2600.592446,0.03534431397,1.797426635,4.048780488,0.0263084087,0.04401852243,0.1573604061,0,7,28,0.3945314887,0.1235954091,0.5888252996,0.2016594417,0.4286234234,0.6585365854,0.3902439024,197,166,31,161,5,0,208.3284,0
E193,个体经营E193,16261.45911,14293.76564,1967.693471,14179.27867,12224.6992,-0.003517960036,0.6133000701,771.1219512,0.008009573535,0.00666465595,0.0681168391,0,2484,283,0.008294085608,0.1204259859,0.03662768721,0.3152164715,0.137660958,0.8780487805,0.8780487805,33927,31616,2311,31243,373,0,127.600967,0
E194,***文化传播有限公司,10538.75169,9341.732605,1197.019081,8899.831909,7711.612607,0.09918935492,0.8844852969,385.6097561,0.04730393329,0.0073514108,0.04701627486,0,3083,914,0.06165234203,0.1561410334,0.2157768564,0.2711301534,0.1281367313,0.8292682927,0.8292682927,16590,15810,780,15408,402,0,450.700475,0
E195,***医药有限公司,21635.89734,12806.80958,8829.087755,12739.60601,4044.266128,0.01958552438,0.5812021409,168.1219512,0.00524748725,0.01514854917,0.04170721535,0,392,510,0.05382747778,0.1117199261,0.1639675742,0.2067412094,0.6894057179,0.9024390244,0.9024390244,7193,6893,300,6766,127,0,200.95144,0
E196,***地质制图印刷厂,13487.31415,8599.888106,4887.42604,8334.284575,3451.526723,0.04797601946,0.640007698,99.7804878,0.03088453335,0.0009551424332,0.05910763569,0,671,154,0.03690950904,0.185806937,0.1317605599,0.3458391829,0.5683127478,0.9268292683,0.9268292683,4348,4091,257,3996,95,0,270.271719,0
E197,***医疗设备有限公司,26572.72714,16638.51286,9934.214276,16375.93197,6441.94952,0.06970253355,0.8432287126,176.0243902,0.0157815121,2.333631967e-05,0.04663143989,0,1200,805,0.02199585308,0.1304519164,0.1141928979,0.3365504213,0.5970614297,0.8292682927,0.8292682927,7570,7217,353,7169,48,0,262.81272,0
E198,***商贸有限公司,13857.35799,7215.047705,6642.310282,6593.587949,-48.722333,0.03978448288,1.202848372,44.80487805,0.08613383881,-0,0.06083844581,0,42,210,0.1139855236,0.07761037175,0.2898248335,0.1320729208,0.9206190387,0.9024390244,0.9024390244,1956,1837,119,1782,55,0,621.459756,0
E199,***建筑劳务有限公司,7133.761994,7116.780771,16.981223,6216.780771,6199.799548,0.1270043696,2.312912069,20.85365854,0.1264616726,-0,0.01497695853,0,3,25,0.3538284163,0.2895077483,0.4021120425,0.4417422114,0.002386082071,0.5609756098,0.512195122,868,855,13,765,90,0,900,0
E200,个体经营E200,11017.69892,5550.13703,5467.561886,5443.025945,-21.742154,0.05997865343,1.066147822,43.04878049,0.01929881811,0.0005109749205,0.04646137223,0,50,132,0.05477134314,0.176508656,0.1693291526,0.3578498623,0.985121963,0.8780487805,0.8780487805,1851,1765,86,1747,18,0,109.904872,0
E201,***物流有限责任公司,9666.396608,5287.671661,4378.724947,5261.36594,884.358943,0.08775601392,1.434271887,37.73170732,0.004974915745,0.0003923402408,0.08298755187,0,170,105,0.07795787027,0.1464932333,0.2222783061,0.2893507985,0.8281007649,0.9024390244,0.9024390244,1687,1547,140,1530,17,0,28.023671,0
E202,个体经营E202,11827.53107,10681.52228,1146.008787,10681.52228,9544.469293,-0.01653967009,1.248602941,35.6097561,-0,0.007814774286,0.03311258278,0,5,107,0.9071127874,0.09139688782,0.9517275547,0.1610886427,0.1072889011,0.8780487805,0.8780487805,1510,1460,50,1458,2,0,8.9558,0
E203,***建设工程有限公司,7705.952143,5182.056549,2523.895594,5180.986549,2672.367055,-0.01598476469,1.629749652,41.95121951,0.0002064817298,0.006052587927,0.06724511931,0,27,338,0.3690741844,0.08489741768,0.5301850534,0.2143511805,0.4870451664,0.8780487805,0.8048780488,1844,1720,124,1715,5,0,16.3461,0
E204,***科技发展有限公司,17250.69814,10571.13899,6679.559148,10365.06294,3789.254779,-0.066132165,0.7650896226,155.3170732,0.01949421431,0.01553260922,0.0767000145,0,369,1205,0.02419176367,0.02159813744,0.0724061996,0.06815274016,0.6318674981,0.9024390244,0.9024390244,6897,6368,529,6289,79,0,309.827031,0
E205,个体经营E205,11525.36477,8677.00172,2848.36305,8599.50072,5851.48967,0.007842890267,0.578521293,26.92682927,0.008931771884,0.03523146391,0.04745470233,0,71,15,0.08158793308,0.3837796189,0.2063920606,0.5905990636,0.328265816,0.8780487805,0.8780487805,1159,1104,55,1094,10,0,177.853,0
E206,***建设工程有限公司,18058.63597,10299.39644,7759.239533,10295.91084,2564.461406,0.06448504142,1.230904087,109.0243902,0.0003384275982,0.003581549439,0.0370529944,0,307,889,0.08899592393,0.03608078347,0.2817300546,0.09075535006,0.7533683725,0.9024390244,0.9024390244,4642,4470,172,4463,7,0,31.2757,0
E207,个体经营E207,20734.91299,13017.03742,7717.875576,12926.54972,5245.656041,0.004602139292,1.428944799,114.4146341,0.0069514819,0.004791720161,0.03158546656,0,17,267,0.5853865603,0.0782012058,0.7508117917,0.2084613407,0.5929056919,0.8536585366,0.8048780488,4844,4691,153,4668,23,0,127.4696,0
E208,个体经营E208,17735.44991,8951.869296,8783.580612,8751.720961,-30.539651,0.02112925852,0.7800511479,45.36585366,0.02235827271,0.0001502803991,0.07185628743,0,80,44,0.03785527186,0.3309852511,0.1041657736,0.52702661,0.9812007215,0.8780487805,0.8780487805,2004,1860,144,1839,21,0,201.468335,0
E209,***工程检测有限公司,12013.31154,7369.037688,4644.273856,6966.780358,2337.790194,0.07477141157,0.8144993431,228.0731707,0.05458749799,0.003290867954,0.04921199797,0,480,1599,0.01275860778,0.02236703704,0.04344122171,0.1077455842,0.6302415665,0.9024390244,0.9024390244,9835,9351,484,9272,79,0,417.541022,0
E210,***建筑工程有限公司,6160.013346,5529.348207,630.665139,5529.348207,4911.230068,0.08937720572,1.790169233,26.65853659,-0,0.01989486849,0.0470793374,0,3,153,0.7826728733,0.1119311584,0.8797830218,0.2433563559,0.1140577723,0.7317073171,0.5853658537,1147,1093,54,1090,3,0,12.547,0
E211,个体经营E211,7521.060188,5259.68328,2261.376908,5201.520091,2943.705512,0.04548240129,0.7007146865,45.68292683,0.01105830635,0.001575292021,0.08812074002,0,82,105,0.04786010606,0.4730420349,0.130481389,0.6340536577,0.4299454525,0.8780487805,0.8780487805,2054,1873,181,1855,18,0,61.725518,0
E212,***建电管理咨询有限公司,8268.743947,8252.999593,15.744354,8150.348381,8134.604027,0.05923692066,1.039975124,39.75609756,0.01243804884,-0,0.1039032435,0,121,49,0.06307422205,0.163499988,0.1367245554,0.2637898005,0.001907712926,0.9268292683,0.9268292683,1819,1630,189,1610,20,0,102.651212,0
E213,***科技有限公司,11863.79543,6609.866236,5253.929195,6531.665936,1411.595559,-0.05776078379,0.7377268913,79.29268293,0.01183084456,0.02547784963,0.06094742923,0,247,592,0.03797472033,0.06597567294,0.135408716,0.1760084536,0.7948616519,0.9024390244,0.9024390244,3462,3251,211,3210,41,0,212.059118,0
E214,***建筑工程有限公司,10837.38454,7036.396731,3800.987808,6953.224021,3152.292213,0.01942511302,1.072729731,34.26829268,0.01182035539,1.473301227e-05,0.1257000622,0,217,154,0.03740767689,0.06399225583,0.08527091677,0.186891947,0.540189525,0.9024390244,0.9024390244,1607,1405,202,1389,16,0,83.22871,0
E215,***建筑工程有限公司,6999.11928,6975.223859,23.895421,6975.223859,6951.328438,0.08313885911,1.820356926,22.63414634,-0,-0,0.08027750248,0,8,69,0.2793590702,0.1461243437,0.40670494,0.2584972242,0.003425756862,0.6829268293,0.3658536585,1009,928,81,928,0,0,-0,0
E216,***建设工程有限公司,10068.82349,6430.611175,3638.212315,6401.640896,2794.706786,0.09110223113,1.239918745,98.17073171,0.004505058417,0.008597135706,0.0459824603,0,30,570,0.1485781566,0.09123435334,0.2754778098,0.2717775007,0.5657646242,0.9024390244,0.8780487805,4219,4025,194,4004,21,0,60.248484,0
E217,个体经营E217,6401.028845,284.10575,6116.923095,284.10575,-5832.817345,-0.00831482641,3.210248247,5.756097561,-0,-0,0.7549325026,0,15,202,0.1486478118,0.01046671331,0.3011273091,0.01901609652,21.53044454,0.6097560976,0.6097560976,963,236,727,236,0,0,-0,0
E218,***建设工程有限公司,8631.808997,4265.372233,4366.436764,4265.372233,-89.307455,0.05390334752,2.630200088,28.36585366,-0,0.002692601917,0.129491018,0,43,269,0.5295691281,0.1420743211,0.7143231197,0.2509148897,1.023694188,0.8780487805,0.8048780488,1336,1163,173,1159,4,0,11.757076,0
E219,***品牌营销策划有限公司,8342.913626,4295.694179,4047.219447,4013.194184,-5.102909,0.05238423762,1.431405815,116.8292683,0.06576352581,0.007146228263,0.05671524222,0,26,757,0.08608434875,0.03306676609,0.1678131401,0.13777459,0.9421572576,0.8780487805,0.8048780488,5078,4790,288,4716,74,0,311.422349,0
E220,***文化传播有限公司,14430.3213,8541.543403,5888.777896,8510.351303,2669.291411,0.01279289022,0.8028872055,169.2926829,0.003651810748,0.008103210011,0.0406357982,0,147,1569,0.3703237771,0.01100110372,0.5428657196,0.05943508249,0.6894278491,0.9024390244,0.9024390244,7235,6941,294,6880,61,0,78.910104,0
E221,***测绘服务有限公司,8386.793954,4979.054954,3407.739,4873.002268,1467.628473,0.08440905973,1.203984179,123.9268293,0.0212997621,0.0006940687066,0.02062451812,0,290,954,0.03847476282,0.09088075122,0.1171306614,0.1979341728,0.68441482,0.7073170732,0.7073170732,5188,5081,107,5056,25,0,108.417891,0
E222,***数码科技有限公司,13112.44861,7043.384813,6069.063796,6918.286972,1179.991351,0.06348295078,1.262606013,130.4390244,0.01776104023,0.05450069172,0.109260493,0,65,928,0.07327894746,0.02477051526,0.1886918359,0.06956386919,0.8616686376,0.9024390244,0.9024390244,6004,5348,656,5226,122,0,455.866016,0
E223,***科技有限公司,8075.670039,3707.325829,4368.34421,3555.218077,-802.615923,0.1574385968,1.524698421,72.73170732,0.04102896778,0.002405994009,0.0542340628,0,52,785,0.2418301522,0.1820269606,0.4551269459,0.3658419285,1.17830059,0.4634146341,0.4634146341,3153,2982,171,2941,41,0,162.617962,0
E224,***纸业有限公司,22750.20443,11277.4684,11472.73603,11147.8009,-280.549181,-0.05461611724,0.6559145005,44.70731707,0.01149792625,0.003868819772,0.02810180276,0,41,103,0.1215660566,0.1058412694,0.2355173585,0.2039042599,1.017314846,0.9024390244,0.9024390244,1886,1833,53,1814,19,0,174.053448,0
E225,***物业服务有限责任公司***分公司,12435.81531,7593.747295,4842.068018,7485.191094,2677.700789,0.05365444927,0.7507623377,304.5853659,0.01429547189,0.007141104353,0.05422599212,0,470,680,0.02120077612,0.2073222163,0.06517438766,0.4399022067,0.6376388139,0.9268292683,0.9268292683,13204,12488,716,12340,148,0,143.133914,0
E226,***建设工程有限公司,10381.76472,4979.948333,5401.816386,4931.748333,-241.588053,0.05126283395,1.389722698,37.51219512,0.009678815276,0.0422968838,0.039350406,0,26,219,0.4386044132,0.09178291815,0.6505997218,0.1640003911,1.084713339,0.8536585366,0.8048780488,1601,1538,63,1503,35,0,276.68,0
E227,***安全技术有限公司,11648.18137,6076.427424,5571.753944,6035.2822,505.61829,0.02052083862,0.9439273202,84.51219512,0.006771285351,0.007554180321,0.05944625407,0,72,554,0.05483419269,0.02392200649,0.1189544365,0.06537244262,0.9169456911,0.8780487805,0.8536585366,3684,3465,219,3441,24,0,83.235258,0
E228,***文化发展有限公司,10626.4269,7336.05285,3290.374047,6384.77925,3107.380257,0.003654240334,0.7435832852,89.2195122,0.1296710397,0.003943337084,0.0665986221,0,155,603,0.02671590524,0.03545048488,0.06912872772,0.1203613918,0.4485210391,0.9024390244,0.9024390244,3919,3658,261,3544,114,0,964.248654,0
E229,***家贸易有限公司,12852.65564,6356.804425,6495.851216,6351.662107,-120.263416,-0.05829099526,0.4428926655,57.14634146,0.0008089470206,0.003683226756,0.05638340717,0,30,227,0.6862446839,0.09433245976,0.8245502854,0.241118336,1.021873693,0.9024390244,0.9024390244,2483,2343,140,2334,9,0,29.068011,0
E230,***建筑劳务有限公司,5246.126377,5233.573704,12.552673,5033.573704,5021.021031,-0.03089081514,1.374194287,16.46341463,0.03821480528,-0,0.1118421053,0,61,17,0.05974285386,0.6508306733,0.1452647906,0.8028858873,0.002398489772,0.8292682927,0.3658536585,760,675,85,655,20,0,200,0
E231,***建筑科技有限公司,7360.374838,3609.585129,3750.789709,3609.585129,-141.20458,0.09476686852,1.460629846,25.63414634,-0,-0,0.04714415231,0,7,133,0.299648191,0.1593187129,0.4020267962,0.2852732579,1.039119338,0.8780487805,0.756097561,1103,1051,52,1051,0,0,-0,0
E232,***投资发展有限责任公司,9942.885623,5961.723618,3981.162005,5084.896272,1336.38252,0.05987942865,3.590445124,21.82926829,0.1470761481,0.05843727352,0.05391120507,0,4,151,0.4771583229,0.6959188046,0.5390597562,0.8324644558,0.6677870797,0.9268292683,0.9268292683,946,895,51,847,48,0,1109.475599,0
E233,***劳务有限公司,2185.896861,2142.490354,43.406507,2142.490354,2099.083847,0.07224596564,3.430030078,22.95121951,-0,-0,0.02487046632,0,3,194,0.8583732715,0.02714234683,0.9239996578,0.08178497293,0.02025983777,0.6341463415,0.6341463415,965,941,24,941,0,0,-0,0
E234,***机电设备商贸有限公司,5112.986256,4612.634837,500.351419,4572.685837,4072.350713,0.1320278638,1.044951309,36.56097561,0.00866077663,3.25671106e-05,0.03290322581,0,137,205,0.01898671434,0.1388214445,0.04688318231,0.3133407722,0.1084741014,0.7073170732,0.7073170732,1550,1499,51,1494,5,0,39.965295,0
E235,个体经营E235,6265.68134,4647.068984,1618.612356,4613.730984,2995.118628,0.05129119392,0.8414516693,37.48780488,0.007173984315,-0,0.05473554736,0,191,122,0.1006157932,0.5852163587,0.2014890038,0.7612823833,0.3483082264,0.8536585366,0.8536585366,1626,1537,89,1533,4,0,33.338,0
E236,个体经营E236,5391.186093,4859.40251,531.783583,4734.40251,4203.205427,-0.01701722511,1.440314223,17.43902439,0.02572332704,0.001102892264,0.1791044776,0,29,69,0.2254879052,0.2117844509,0.3798820938,0.394897486,0.1094339442,0.8536585366,0.8048780488,871,715,156,701,14,0,125.5865,0
E237,个体经营E237,4486.461731,2165.204188,2321.257543,2165.204188,296.980881,0.1144334983,2.067331921,51.73170732,-0,0.1951675881,0.0497311828,0,8,324,0.307908742,0.1925120706,0.4313680923,0.3784467788,1.072073274,0.6585365854,0.6341463415,2232,2121,111,2017,104,0,453.034236,0
E238,个体经营E238,8155.526948,6430.285275,1725.241673,5981.527975,4274.862402,0.01166450643,0.6148490686,367.4146341,0.06978808572,0.01076724513,0.05749859225,0,2192,760,0.003307817229,0.1186584309,0.03477725955,0.3024557128,0.2682993987,0.8780487805,0.8780487805,15983,15064,919,14484,580,0,467.3334,0
E239,个体经营E239,5955.936031,3030.090313,2925.845718,3001.390313,81.872195,0.1291673824,1.496156378,16.41463415,0.00947166488,0.002162656753,0.0742778542,0,33,46,0.09269372359,0.1586115106,0.2049151695,0.2730663572,0.9655968687,0.6585365854,0.6097560976,727,673,54,665,8,0,35.0276,0
E240,个体经营E240,4899.945308,1752.748678,3147.19663,1752.748678,-1394.447712,0.04045261611,3.744908891,26.95121951,-0,7.625834297e-08,0.1131621188,0,2,1084,0.9570172218,0.009799750358,0.9780257429,0.03177430957,1.795577808,0.6097560976,0.6097560976,1246,1105,141,1104,1,0,0.00024,0
E241,个体经营E241,5083.08434,4403.937754,679.146586,4384.134724,3707.908138,0.01546137657,0.6171604242,27.70731707,0.004496664373,0.004299513625,0.06961506962,0,36,112,0.5635356352,0.09899249097,0.7242810585,0.2013425538,0.1542134844,0.8780487805,0.8780487805,1221,1136,85,1130,6,0,22.72303,0
E242,个体经营E242,2275.110203,173.68868,2101.421523,173.68868,-1927.732843,0.01637377626,2.392012945,12.70731707,-0,-0,0.3286082474,0,11,503,0.1995728888,0.006609658904,0.3848114915,0.02284168334,12.09878228,0.6097560976,0.6097560976,776,521,255,521,0,0,-0,0
E243,***科技有限公司,4198.476907,3708.429566,490.047341,3708.429566,3218.991925,0.07891035847,1.055153604,33.12195122,-0,0.00124416551,0.03551136364,0,35,131,0.2071947107,0.2458363477,0.3367021581,0.4036344725,0.1321441684,0.8292682927,0.8292682927,1408,1358,50,1356,2,0,0.6097,0
E244,个体经营E244,5654.461262,4054.178114,1600.283148,3928.849847,2332.926337,-0.007296845609,1.05778564,37.75609756,0.03091335987,0.002724291639,0.08239478364,0,20,153,0.3338090394,0.05824826217,0.5577540459,0.1262764769,0.3947244307,0.8780487805,0.8780487805,1687,1548,139,1528,20,0,129.687905,0
E245,***建筑劳务有限公司,2777.361714,2762.572835,14.788879,2592.572835,2577.783956,0.08760020867,1.617670971,13.97560976,0.06153683908,-0,0.07281553398,0,33,64,0.1532032593,0.129631071,0.285965311,0.2580993461,0.005353299219,0.7317073171,0.7073170732,618,573,45,555,18,0,170,0
E246,***物业服务有限公司,4110.771148,3396.52995,714.241198,3324.69479,2614.347989,-0.005482778787,0.5509543825,49.92682927,0.02114957355,0.005452495615,0.06827492035,0,120,409,0.1584491496,0.09625069717,0.2588081795,0.2520157063,0.2102855586,0.9024390244,0.9024390244,2197,2047,150,2022,25,0,75.729557,0
E247,***石化有限公司,3871.553282,2493.341587,1378.211695,2493.341587,1115.190065,0.06866826329,1.099740012,30.43902439,-0,4.366020127e-05,0.04147465438,0,10,185,0.5994883638,0.05688210404,0.7463503876,0.1106632606,0.5527568714,0.9268292683,0.9268292683,1302,1248,54,1241,7,0,0.060173,0
E248,***智能科技有限公司,3780.234593,2259.256299,1520.978294,2235.356299,732.420632,-0.03617617934,1.690081125,44.36585366,0.01057870239,0.01186251446,0.0506263048,0,118,262,0.08990698853,0.04590306874,0.238634256,0.1550035256,0.6732207827,0.9024390244,0.9024390244,1916,1819,97,1804,15,0,41.942627,0
E249,***建筑工程有限公司,8205.409956,5361.913121,2843.496835,5361.913121,2521.506286,1.530648921e-05,2.172966538,26.58536585,-0,0.001086690149,0.08480268682,0,3,106,0.9724687772,0.1491036016,0.9860620644,0.2665731822,0.5303138583,0.8536585366,0.8292682927,1191,1090,101,1089,1,0,3.09,0
E250,***塑料厂,4855.02793,3893.504057,961.523873,3744.342215,2784.869941,0.04413417655,0.4855826456,26.51219512,0.03831043703,0.002133695333,0.1068200493,0,102,126,0.06392211748,0.1740179559,0.1459971559,0.3531236296,0.2469559191,0.9268292683,0.9268292683,1217,1087,130,1056,31,0,151.213441,0
E251,***医疗器械有限责任公司,2628.456888,1559.74758,1068.709308,1457.49758,441.470597,0.08779635965,2.052581597,39.73170732,0.06555547918,0.0492952804,0.08069977427,0,121,346,0.1207646246,0.04600193418,0.3346890206,0.1360202114,0.6851809368,0.8048780488,0.7317073171,1772,1629,143,1592,37,0,154.932325,0
E252,***印务有限公司,7603.499548,4568.771648,3034.7279,4481.581858,1451.02978,0.0167943857,1.255619859,34.68292683,0.01908385814,0.001376011998,0.05136757839,0,40,111,0.1334988963,0.0545747546,0.2075456843,0.1005031522,0.6642327815,0.9024390244,0.9024390244,1499,1422,77,1408,14,0,91.365612,0
E253,***钢结构工程有限公司,4542.252805,2547.305366,1994.947439,2531.887469,540.62003,0.0202820691,1.057246963,36.92682927,0.006052630048,0.001844660129,0.06427688504,0,104,319,0.03369981241,0.09243796799,0.08361777227,0.2717587889,0.7831599091,0.9024390244,0.9024390244,1618,1514,104,1506,8,0,19.097897,0
E254,***设备安装工程有限公司,4207.78828,3846.386922,361.401358,3831.636922,3470.235564,0.04205405499,1.064257972,16.87804878,0.003834767614,-0,0.05205479452,0,22,39,0.2589976855,0.243459141,0.4366384321,0.3624778853,0.09395865921,0.8536585366,0.5365853659,730,692,38,690,2,0,14.75,0
E255,个体经营E255,5970.967471,4657.906529,1313.060942,4474.989325,3191.323086,0.02370867148,1.124852823,47.07317073,0.03927026076,0.02238639659,0.04265873016,0,19,311,0.4288471587,0.1341183521,0.6123536866,0.2809393366,0.2818993756,0.8780487805,0.8780487805,2016,1930,86,1893,37,0,212.311907,0
E256,***物资有限公司,4668.033688,3475.422367,1192.611321,3462.928009,2271.556488,0.02670440964,0.4386045379,28.34146341,0.003595061745,0.001039567526,0.03085904921,0,211,54,0.04367020724,0.07811076515,0.1170826352,0.1905622611,0.3431557938,0.9024390244,0.9024390244,1199,1162,37,1151,11,0,13.734158,0
E257,***门窗安装有限公司,4494.36991,2740.330848,1754.039062,2651.980848,908.482722,0.03644553727,1.161843743,15.95121951,0.03224063257,0.006009521811,0.08274894811,0,39,97,0.09817890032,0.05454714492,0.2023543794,0.134354419,0.6400829532,0.7317073171,0.7317073171,713,654,59,641,13,0,98.890936,0
E258,***国际货运有限公司,8836.614892,7244.169931,1592.444961,7152.380333,5586.084375,0.003751546716,0.9202524151,112.5121951,0.01267082342,0.0164206636,0.04155412425,0,193,248,0.1635947561,0.07256288729,0.3673826871,0.1908355123,0.219824352,0.9268292683,0.9268292683,4813,4613,200,4538,75,0,117.938601,0
E259,***文化传媒有限公司,5442.843556,3451.379456,1991.4641,3362.916056,1386.777958,0.03947980421,0.6540574789,73.85365854,0.02563131673,0.007695846488,0.07682926829,0,211,520,0.01480212134,0.01587176043,0.05875911432,0.05804774688,0.5770052599,0.9024390244,0.9024390244,3280,3028,252,2990,38,0,103.789402,0
E260,***广告有限公司,4617.046885,2577.012821,2040.034064,2531.274211,498.050342,0.07071497064,1.05085127,67.02439024,0.01774869323,0.00333827514,0.06942092787,0,289,258,0.04397299629,0.04323499068,0.118349074,0.1163362927,0.7916274406,0.9024390244,0.9024390244,2953,2748,205,2715,33,0,52.548805,0
E261,***医疗器械有限公司,2849.499488,1864.732841,984.766647,1838.563641,854.220047,0.0002135656813,0.7484401527,65.97560976,0.01403375295,0.0004295972059,0.07805044308,0,130,457,0.05202924394,0.5568708833,0.1397415191,0.7440644971,0.5281006616,0.9024390244,0.9024390244,2934,2705,229,2672,33,0,26.592253,0
E262,个体经营E262,4723.969604,2838.082083,1885.887521,2826.697463,940.809942,0.06100698323,1.388538111,23.80487805,0.004011377989,-0,0.04407443683,0,199,42,0.2353549538,0.09367961996,0.4183063101,0.1660825397,0.6644936495,0.8292682927,0.4634146341,1021,976,45,967,9,0,11.38462,0
E263,***通信工程有限公司,4434.787235,2929.833144,1504.954091,2846.249786,1341.335695,0.04927543391,1.166952505,21.80487805,0.02852836796,2.657888386e-05,0.09879032258,0,14,148,0.2556244188,0.2021951736,0.4185599646,0.3159779151,0.5136654605,0.9024390244,0.9024390244,992,894,98,875,19,0,83.623358,0
E264,个体经营E264,2892.624404,136.538973,2756.085431,136.538973,-2571.821018,-0.001030927267,1.973415292,37.2195122,-0,0.0173163863,0.2493851451,0,8,1491,0.5313944715,0.006971713894,0.6995627029,0.03687350503,20.18533881,0.6097560976,0.6097560976,2033,1526,507,1515,11,0,47.72544,0
E265,***净化工程有限公司,5160.839875,2778.038432,2382.801443,2639.552304,267.592083,0.09774336243,1.153554318,57.7804878,0.04985032835,0.004549779853,0.0561752988,0,62,477,0.08699951348,0.1155862155,0.1845583467,0.2973558125,0.8577280341,0.8048780488,0.8048780488,2510,2369,141,2340,29,0,149.32735,0
E266,***煤矿机械有限公司,3258.571181,3124.996544,133.574637,3045.638544,2912.481802,0.01505489966,1.048446023,18.02439024,0.02539458808,0.00312855052,0.0513478819,0,16,83,0.6677441339,0.3151668618,0.8129010686,0.5244259058,0.04274393111,0.8780487805,0.8780487805,779,739,40,728,11,0,79.775895,0
E267,***林园艺场,1907.947867,1803.787467,104.1604,1773.641467,1669.481067,0.1052878209,2.02548506,9.536585366,0.01671261196,-0,0.06682577566,0,11,41,0.1793336716,0.3377462555,0.2971927291,0.5241915354,0.05774538404,0.4634146341,0.4634146341,419,391,28,386,5,0,30.146,0
E268,***建筑劳务有限公司,3397.036372,2794.063572,602.9728,2706.583292,2103.610492,0.02941666815,1.411951403,9.365853659,0.03130933772,-0,0.05651105651,0,9,19,0.3047024815,0.1785867626,0.4377137307,0.3233976723,0.2158049681,0.6097560976,0.2682926829,407,384,23,375,9,0,87.48028,0
E269,***节能服务有限公司,3610.644008,3507.113483,103.530525,3453.644473,3350.113948,0.02004983058,1.970816542,8.853658537,0.01524587392,-0,0.07633587786,0,19,69,0.7393632887,0.1664267382,0.856338115,0.3090875855,0.02952015254,0.8780487805,0.8780487805,393,363,30,354,9,0,53.46901,0
E270,个体经营E270,3034.724832,2357.287595,677.437237,2311.192482,1636.955245,0.04445172538,0.9115628048,21.53658537,0.01955430177,0.00472368483,0.09528688525,0,40,90,0.333978369,0.2637430066,0.5567329938,0.4913625674,0.2873799694,0.8780487805,0.8780487805,976,883,93,869,14,0,49.295113,0
E271,***科技有限公司,6832.600208,3769.425871,3063.174337,3501.713471,490.366434,-0.02662569469,1.448218378,50.68292683,0.07102206255,0.01691947447,0.07849223947,0,93,507,0.0649169251,0.04754305004,0.1317972596,0.1040208506,0.8126368423,0.9024390244,0.9024390244,2255,2078,177,2055,23,0,319.5397,0
E272,个体经营E272,2256.735386,1759.998394,496.736992,1595.804644,1112.726656,0.04290613827,1.118015541,41.70731707,0.09329198854,0.02749745684,0.05052748473,0,71,283,0.1498974907,0.08155145703,0.2420259595,0.2293787836,0.2822371848,0.8780487805,0.8780487805,1801,1710,91,1663,47,0,177.852754,0
E273,个体经营E273,3497.714216,2388.307215,1109.407001,2382.447215,1332.785235,-0.01435252828,0.6845082179,229.7804878,0.002453620691,0.05385311337,0.01782735613,0,5120,318,0.0009245554446,0.3749494211,0.01758567731,0.6007906921,0.4645160363,0.8536585366,0.8536585366,9592,9421,171,9390,31,0,65.605021,0
E274,***建筑劳务有限公司,1222.24614,1218.56734,3.6788,1208.570152,1204.891352,0.1015562469,2.174751904,3.609756098,0.008204050504,-0,0.1084337349,0,15,9,0.1469639861,0.4800641389,0.2740363942,0.6360769816,0.00301895503,0.4146341463,0.1951219512,166,148,18,146,2,0,9.997188,0
E275,***网络工程有限公司,2608.699702,2429.766067,178.933635,2223.084415,2044.62692,0.0271831231,1.087966257,17.58536585,0.08506236662,0.002660986572,0.1207317073,0,45,97,0.07287713233,0.1331016529,0.1916397242,0.2569053046,0.07364233019,0.9268292683,0.9268292683,820,721,99,691,30,0,207.157792,0
E276,***体育设施工程有限公司,1813.796766,1384.553354,429.243412,1318.015362,888.94785,0.04756530756,1.826318947,29.04878049,0.04805736941,0.0004097907972,0.04872204473,0,20,243,0.1629914653,0.2191984564,0.3038700811,0.4410551093,0.3100230199,0.8536585366,0.756097561,1252,1191,61,1182,9,0,66.713892,0
E277,***消防设备制造有限公司,3520.635672,2105.172006,1415.463666,2094.612006,682.702225,0.04972432037,0.7206120117,13.97560976,0.005016217188,0.002510756783,0.05289256198,0,36,81,0.7566007218,0.08507056414,0.8688741803,0.2028946662,0.6723743532,0.7317073171,0.7317073171,605,573,32,570,3,0,14.113885,0
E278,***贸易有限公司,2784.976561,1516.733485,1268.243076,1496.498683,228.479917,0.07299393621,1.217670709,14.90243902,0.01334103994,0.0001768667255,0.04976671851,0,38,98,0.1391004094,0.05750598138,0.3197617668,0.1233547385,0.8361673877,0.9268292683,0.9268292683,643,611,32,607,4,0,20.459112,0
E279,***环保包装有限公司,4463.172661,2550.387894,1912.784767,2328.952166,447.388763,0.09614465948,1.061973874,26.82926829,0.08682433308,0.01632246583,0.03930131004,0,7,90,0.8318008866,0.1225937974,0.9086505262,0.2240396177,0.7499975872,0.7317073171,0.7317073171,1145,1100,45,1063,37,0,252.657092,0
E280,个体经营E280,3400.548554,1989.330256,1411.218298,1974.232956,563.014658,0.03343158166,0.6849491721,26.65853659,0.007589137075,-0,0.04374453193,0,125,103,0.03482120882,0.09179471852,0.1057012351,0.190501236,0.7093936734,0.8780487805,0.8780487805,1143,1093,50,1089,4,0,15.0973,0
E281,***商业管理有限责任公司,3942.099109,1780.652618,2161.446491,1777.452618,-383.993873,0.08353994906,0.8384665562,37.87804878,0.001797093924,-0,0.0547778454,0,43,186,0.2057233956,0.3329098211,0.3825554368,0.5669847993,1.213850736,0.8292682927,0.8292682927,1643,1553,90,1550,3,0,3.2,0
E282,***影城有限公司***分公司,3557.143184,2231.325059,1325.818125,2204.876063,917.211312,0.02730951269,0.5975161556,66.12195122,0.01185349301,0.02877723066,0.2267541358,0,562,93,0.09979104508,0.512066619,0.2362273475,0.7044645517,0.5941842134,0.9268292683,0.9268292683,3506,2711,795,2674,37,0,64.60237,0
E283,***机械铸造有限责任公司,4006.119643,2269.146344,1736.973299,2269.146344,532.173045,-0.01331013277,0.6341325738,21.29268293,-0,-0,0.03854625551,0,20,107,0.1484118859,0.1014129258,0.2501219406,0.2072027464,0.7654743395,0.9024390244,0.9024390244,908,873,35,873,0,0,-0,0
E284,***成焊科技有限公司,3073.260049,1848.00205,1225.257999,1847.17405,624.188433,0.05008219635,0.6153534535,35.02439024,0.000448051451,0.001854615111,0.05774278215,0,125,120,0.3293231697,0.08370921735,0.5577181043,0.1994897444,0.6630176622,0.9268292683,0.9268292683,1524,1436,88,1429,7,0,3.100382,0
E285,个体经营E285,5316.464078,3454.892451,1861.571627,3405.249351,1562.938263,0.01510982172,1.524176177,28.97560976,0.01436892775,0.0103463862,0.1107784431,0,53,224,0.07018070935,0.0709546972,0.1967292498,0.1699693616,0.5388218746,0.8780487805,0.8780487805,1336,1188,148,1177,11,0,68.903639,0
E286,***印务有限公司,2700.759862,1411.838456,1288.921406,1384.274,95.352594,0.1339797806,1.586189429,11.92682927,0.01952380308,-0,0.1314387211,0,32,79,0.1490714313,0.0799792633,0.2530606901,0.1497376016,0.9129383043,0.5853658537,0.5853658537,563,489,74,484,5,0,27.564456,0
E287,***鞋材有限公司,3406.929772,1745.14863,1661.781142,1736.91769,87.963009,-0.0101215939,0.578348877,16.80487805,0.004716469336,0.007718501959,0.1063553826,0,26,94,0.130363519,0.06147222097,0.2407703234,0.1850115471,0.9522290041,0.9024390244,0.9024390244,771,689,82,685,4,0,21.057401,0
E288,个体经营E288,3412.523346,1895.498023,1517.025323,1855.670273,338.65424,0.03897804115,1.030116057,19.87804878,0.02101176024,6.123826583e-06,0.08426966292,0,36,125,0.1270928557,0.1898151736,0.2750974966,0.3200215815,0.8003307334,0.8292682927,0.8292682927,890,815,75,810,5,0,39.83704,0
E289,***运业有限公司***分公司,2969.445159,2179.100271,790.344888,2168.315051,1381.0903,0.02015581738,0.3952035132,118.8780488,0.004949391335,0.003947817019,0.02792181891,0,398,170,0.08133036021,0.1682934895,0.181763366,0.2632627555,0.3626932173,0.9268292683,0.9268292683,5014,4874,140,4841,33,0,13.905357,0
E290,***机电有限公司,2570.060292,1959.532037,610.528255,1938.905037,1329.11364,0.01922096643,0.9320592087,45.04878049,0.01052649286,0.001206918753,0.0746492986,0,110,218,0.1323293234,0.04516634442,0.3413594304,0.08907646707,0.3115683967,0.9268292683,0.9268292683,1996,1847,149,1822,25,0,21.363858,0
E291,***文业建设工程有限公司,3183.535172,1312.306902,1871.22827,1299.728902,-563.888978,0.02144140162,3.770485864,12.2195122,0.009584648211,0.004067055913,0.0972972973,0,5,117,0.9493031493,0.578719103,0.9741860445,0.7486968439,1.425907512,0.7317073171,0.7073170732,555,501,54,490,11,0,20.18839,0
E292,***物流有限公司,1996.846039,1248.000339,748.8457,1246.689979,497.844279,0.03548250245,0.9678123887,39.04878049,0.001049967664,-0,0.0308716707,0,20,83,0.2118537965,0.1981780256,0.3430239878,0.3949438449,0.6000364556,0.8292682927,0.8048780488,1652,1601,51,1599,2,0,1.31036,0
E293,***物资有限公司,1740.47756,883.123114,857.354446,883.123114,25.768668,0.05016566986,1.830037645,3.975609756,-0,-0,0.07386363636,0,3,27,0.6363826735,0.6675408994,0.7785838204,0.8137879453,0.9708209789,0.9024390244,0.9024390244,176,163,13,163,0,0,-0,0
E294,个体经营E294,3089.084659,2630.452401,458.632258,2618.902401,2162.294043,0.003313276471,0.7889528742,28.17073171,0.004390879681,0.004412903726,0.05791190865,0,47,234,0.07142613842,0.08685146784,0.1433267098,0.2273971056,0.1743548972,0.8780487805,0.8780487805,1226,1155,71,1150,5,0,13.5739,0
E295,***电器设备制造有限公司,2883.953225,1594.620206,1289.333019,1579.195619,292.669225,-0.01984476345,1.133504896,24.97560976,0.009672890725,0.002176803788,0.07330316742,0,57,213,0.05524476028,0.06892853158,0.145969942,0.2267767169,0.8085517882,0.9024390244,0.9024390244,1105,1024,81,1020,4,0,18.231212,0
E296,***装饰设计工程有限公司,2150.887603,1503.384838,647.502765,1319.439937,738.796868,0.0938728584,1.869599762,40.6097561,0.1223538354,0.1032577768,0.07293986637,0,18,381,0.3932624911,0.04019761052,0.6134825846,0.1212445788,0.4306966178,0.7317073171,0.5609756098,1796,1665,131,1618,47,0,250.804597,0
E297,***建筑机械租赁有限公司,2750.9333,1569.0373,1181.896,1569.0373,387.1413,0.07538468914,1.835026959,5.170731707,-0,-0,0.09012875536,0,3,10,0.4940782576,0.5873312154,0.6502971599,0.7502335231,0.7532618887,0.4390243902,0.1219512195,233,212,21,212,0,0,-0,0
E298,***电器维护服务有限公司,2267.24629,1688.094587,579.151703,1673.827544,1098.997538,0.06743596191,0.6373035428,81.41463415,0.008451566109,0.007462115673,0.1031703385,0,253,70,0.2917488468,0.1025001937,0.4971391784,0.13499779,0.3430801256,0.9268292683,0.9268292683,3722,3338,384,3299,39,0,18.58874,0
E299,***压缩天然气有限责任公司,4949.688454,2242.194745,2707.493709,2187.145174,-495.284155,0.03330308397,0.8385928474,25.97560976,0.02455164571,0.009257410245,0.06332453826,0,265,109,0.3200478778,0.4245189122,0.4812154776,0.6240643937,1.207519425,0.9268292683,0.9268292683,1137,1065,72,1053,12,0,80.113951,0
E300,***建设工程有限公司,3687.611585,2064.273877,1623.337708,2024.673877,411.382708,0.1089203412,2.070933715,23.65853659,0.01918350101,0.006188816382,0.04621435595,0,23,232,0.1579779186,0.05881451716,0.3064272508,0.1551194941,0.7863964787,0.8536585366,0.8536585366,1017,970,47,964,6,0,49.646539,0
E301,***企业管理咨询有限公司,2055.160678,1642.392361,412.768317,1623.868506,1212.010739,0.05434073923,1.310764437,82.90243902,0.01127858083,0.002205959039,0.02523659306,0,119,789,0.1124234096,0.06465100875,0.2961599083,0.2168044308,0.2513213814,0.8780487805,0.8780487805,3487,3399,88,3384,15,0,19.434405,0
E302,***机电设备有限公司,1440.936981,1084.70384,356.233141,1075.30146,725.872719,0.06430579239,0.9697251821,28.29268293,0.008668154065,0.0191009741,0.06752411576,0,33,236,0.09254119317,0.1037932048,0.1534840146,0.2556104009,0.3284151193,0.9268292683,0.9268292683,1244,1160,84,1151,9,0,16.20678,0
E303,***图书发行有限公司,1885.337938,1642.998741,242.339197,1642.84187,1400.530673,0.05416595022,0.7284431369,24.31707317,9.547846635e-05,0.000115540533,0.05318138651,0,42,108,0.106612331,0.2977201409,0.234840648,0.4332769989,0.1474981027,0.9268292683,0.9268292683,1053,997,56,995,2,0,0.184871,0
E304,***环保科技有限公司,2982.554706,1078.417679,1904.137027,1078.417679,-825.569348,0.03649206449,0.757142447,37.53658537,-0,7.877584327e-05,0.05929095355,0,198,142,0.0469794424,0.2135743573,0.1511102824,0.4223172958,1.765676754,0.9024390244,0.9024390244,1636,1539,97,1538,1,0,0.15,0
E305,***劳务有限公司,7037.995068,5081.575661,1956.419407,5050.852799,3094.433392,0.01675971821,1.397836668,21.85365854,0.006045932217,-0,0.05584826133,0,4,164,0.3278872732,0.3906517494,0.4630397546,0.5834688594,0.3850025145,0.9024390244,0.8780487805,949,896,53,894,2,0,30.722862,0
E306,个体经营E306,1774.918362,1375.545624,399.372738,1339.525624,944.756426,0.0591774601,1.187185717,37.90243902,0.02618597259,0.01152692601,0.04837721984,0,64,340,0.08077189491,0.2410195091,0.228729711,0.3658729956,0.2903376893,0.8292682927,0.7804878049,1633,1554,79,1542,12,0,40.62354,0
E307,***通信工程有限公司,991.820735,668.899192,322.921543,668.899192,345.977649,0.04414677432,3.415731995,13.41463415,-0,-0,0.04513888889,0,10,110,0.3273767595,0.3996035157,0.448498075,0.6193617439,0.4827656347,0.8048780488,0.8048780488,576,550,26,550,0,0,-0,0
E308,***餐饮文化服务有限公司,2082.898431,1236.657796,846.240635,1229.699439,390.329704,0.022742449,0.6039566429,51.2195122,0.005626744134,0.008119321758,0.1696322657,0,1528,64,0.00138014063,0.069912094,0.02308965349,0.132995977,0.6842965271,0.9024390244,0.9024390244,2529,2100,429,2080,20,0,13.829257,0
E309,个体经营E309,2041.998297,1352.81055,689.187747,1344.31055,664.66293,-0.006737242708,1.198949916,26.97560976,0.00628321534,0.01384256618,0.07602339181,0,38,194,0.09318115302,0.07449597832,0.1632718787,0.2146671261,0.5094488264,0.8536585366,0.8048780488,1197,1106,91,1090,16,0,18.040127,0
E310,***律师事务所,1622.263504,1195.784053,426.479451,1156.012053,770.356161,0.1002684228,0.8501640066,67.73170732,0.03326018598,0.09572221804,0.02868135712,0,448,480,0.02331136637,0.04027699181,0.108607538,0.09379115431,0.3566525661,0.756097561,0.756097561,2859,2777,82,2738,39,0,80.595559,0
E311,***律师事务所,1380.592594,1164.635601,215.956993,1099.157201,884.555414,0.1139912923,1.106754279,71.34146341,0.05622222088,0.006275351315,0.02856193955,0,131,346,0.04714263805,0.04923435333,0.1605652445,0.1487643422,0.1854288095,0.6585365854,0.6585365854,3011,2925,86,2885,40,0,66.833606,0
E312,***家居用品有限公司,9927.012378,1473.11258,8453.899798,1419.354655,-6942.099946,-0.006619253103,0.6567563054,124.3658537,0.03649274721,0.01093521324,0.04423617619,0,188,906,0.1769977038,0.06670213892,0.4025496252,0.2146867237,5.738800899,0.9024390244,0.9024390244,5335,5099,236,5053,46,0,146.203122,0
E313,***物流有限公司,2311.574164,1495.472449,816.101715,1456.024507,642.204468,0.03731473791,0.7437735567,14.73170732,0.02637824724,0.002795823067,0.03821656051,0,29,63,0.1981184967,0.1943985633,0.3035563372,0.3619240391,0.5457149783,0.9268292683,0.9268292683,628,604,24,591,13,0,41.729618,0
E314,***房地产营销策划有限公司,1088.54647,777.8327,310.71377,762.7606,453.466315,0.04296891445,1.262335341,32.85365854,0.01937704599,0.004568465054,0.0210755814,0,5,233,0.2985830395,0.3312588158,0.4759868028,0.5214332793,0.3994609252,0.8780487805,0.7073170732,1376,1347,29,1306,41,0,16.491585,0
E315,***轮胎有限公司,1576.671995,1323.863503,252.808492,1321.879503,1077.54347,0.02835636808,0.5405423875,46.56097561,0.001498643928,0.03351334812,0.0299796748,0,140,95,0.1478607095,0.06118426897,0.3307848936,0.1530344163,0.190962657,0.9268292683,0.9268292683,1968,1909,59,1902,7,0,10.456459,0
E316,个体经营E316,1573.367764,1290.973299,282.394465,1240.948758,959.193393,0.07047955782,1.421615702,28.24390244,0.03874947765,0.00226314634,0.05314799673,0,22,185,0.5132570538,0.09240832105,0.7051470071,0.2409073421,0.2187453956,0.8780487805,0.8780487805,1223,1158,65,1142,16,0,50.663641,0
E317,***科技有限公司,813.788175,640.251386,173.536789,608.165453,434.686464,0.06891435756,1.56601802,12.63414634,0.05011458577,0.000333070586,0.07992895204,0,33,107,0.07597257873,0.1032101904,0.1330274356,0.1936188873,0.271044769,0.7804878049,0.7804878049,563,518,45,505,13,0,32.143733,0
E318,***商贸有限公司,1427.860899,1290.066171,137.794728,1286.660195,1158.971039,0.03805531091,0.4398729252,15.75609756,0.002640156045,0.0733378711,0.08885754584,0,16,25,0.2019174924,0.2831338362,0.3810571791,0.485440234,0.1068121396,0.9268292683,0.9268292683,709,646,63,642,4,0,13.511548,0
E319,个体经营E319,2417.766712,1577.540497,840.226215,1571.616697,732.090482,0.001433474012,0.6255785125,21.14634146,0.003755085851,0.0008331089741,0.06168831169,0,174,36,0.03230230237,0.08986997792,0.09768650903,0.1720618417,0.5326178419,0.8780487805,0.8780487805,924,867,57,860,7,0,6.6238,0
E320,***建筑设计有限公司,1577.421843,900.917031,676.504812,900.917031,224.412219,0.03772149054,3.391230153,7.87804878,-0,-0,0.05555555556,0,5,77,0.4664033623,0.6332129824,0.6075388434,0.7878731837,0.7509068968,0.7317073171,0.7073170732,342,323,19,323,0,0,-0,0
E321,***生物流有限公司,1875.798042,1277.750791,598.047251,1244.230791,651.30354,0.04645524332,0.9272148984,10.41463415,0.02623359753,0.008561196446,0.1285714286,0,125,15,0.03719525042,0.6652086393,0.1080257598,0.8117787519,0.4680468642,0.9024390244,0.9024390244,490,427,63,420,7,0,38.64,0
E322,***装饰工程设计有限公司,2327.782952,1299.174317,1028.608635,1127.808522,102.749417,0.07420937522,1.372157538,41.85365854,0.1319036197,0.003450807119,0.03811659193,0,14,230,0.2367821133,0.09047205672,0.3746805534,0.2419267169,0.7917402781,0.7317073171,0.7317073171,1784,1716,68,1661,55,0,174.915325,0
E323,***建筑装饰工程有限公司,1053.678281,596.941087,456.737194,596.941087,165.356891,0.09630110602,2.282044118,14.26829268,-0,0.05507105252,0.1216216216,0,14,143,0.3825116847,0.07360293653,0.5211521686,0.210186517,0.7651294306,0.6341463415,0.6341463415,666,585,81,581,4,0,25.152998,0
E324,***汽贸有限公司,10715.16265,1518.099236,9197.063415,1496.364068,-7696.339247,-0.05926384643,0.8296463495,46.53658537,0.01431735652,0.000474075235,0.06332842415,0,41,82,0.3968439962,0.2697161646,0.620296736,0.4782567559,6.058275505,0.9024390244,0.9024390244,2037,1908,129,1896,12,0,26.095268,0
E325,***通讯器材有限公司,4875.612739,1321.674231,3553.938508,1306.528505,-2247.297241,0.02005031345,0.5514109299,110.097561,0.01145950011,3.172874256e-05,0.04161358811,0,1497,63,0.1471171985,0.5913029601,0.3050247781,0.7630607004,2.688967088,0.9268292683,0.9268292683,4710,4514,196,4473,41,0,15.258488,0
E326,***包装材料有限公司,2302.194294,1281.321369,1020.872925,1281.321369,260.448444,0.04568164123,0.8372917392,11,-0,-0,0.06818181818,0,36,38,0.1855867339,0.0919740866,0.3792202423,0.2119971847,0.7967344881,0.8292682927,0.8292682927,484,451,33,451,0,0,-0,0
E327,个体经营E327,3328.018809,2091.867552,1236.151257,2089.363168,853.211911,-0.01190221531,0.7533542344,17.48780488,0.00119720008,-0,0.04527296937,0,7,61,0.8509564862,0.1890646395,0.9213538444,0.3513464194,0.5909318952,0.8780487805,0.8780487805,751,717,34,716,1,0,2.504384,0
E328,***科技有限公司,1215.44345,955.154718,260.288732,908.780358,648.700236,0.08085483535,1.683189386,14.41463415,0.04855167349,0.0008014561306,0.06041335453,0,43,92,0.09070408751,0.1628822515,0.165376349,0.347306621,0.2725094973,0.7317073171,0.7317073171,629,591,38,582,9,0,46.58297,0
E329,***园艺有限责任公司,1107.19331,1107.06061,0.1327,1107.06061,1106.92791,0.07828108806,1.520162731,3.146341463,-0,-0,0.03731343284,0,14,4,0.2362761025,0.2934502186,0.3895710823,0.4220045215,0.0001198669692,0.4634146341,0.1707317073,134,129,5,129,0,0,-0,0
E330,***酒店管理有限公司,1145.006235,857.099374,287.906861,854.593374,567.46124,0.0409143045,0.5874709509,222.3658537,0.002923814993,0.002690894539,0.009775171065,0,1418,233,0.2505867912,0.0770348421,0.4468154004,0.1894130894,0.3359083786,0.9268292683,0.9268292683,9207,9117,90,9077,40,0,3.280727,0
E331,***广告有限公司,779.323297,651.944175,127.379122,640.234175,513.024953,0.01058799485,2.18951688,5.536585366,0.0179616606,0.001333813559,0.05020920502,0,13,77,0.294718479,0.1079404262,0.4564808022,0.2063876685,0.1953834805,0.8536585366,0.7317073171,239,227,12,223,4,0,11.8799,0
E332,***商贸有限公司,5525.294299,3579.01894,1946.275359,3564.826421,1721.390678,-0.08600594793,1.742575524,29.14634146,0.003965477478,0.05283919129,0.02448979592,0,6,207,0.7882309813,0.1913629941,0.8834751453,0.3301369583,0.5438013578,0.9024390244,0.9024390244,1225,1195,30,1187,8,0,117.032135,0
E333,***房地产营销策划有限公司,877.549778,734.776665,142.773113,733.401665,590.793605,0.06084137687,1.080375754,23.68292683,0.001871316912,0.001156051,0.01521298174,0,5,185,0.6100486165,0.1188316243,0.7648031705,0.2611135894,0.1943081753,0.8292682927,0.7317073171,986,971,15,965,6,0,1.540053,0
E334,***机械科技有限公司,1516.579,886.607197,629.971803,871.077397,241.105594,0.0732578458,1.003899984,8.097560976,0.01751598685,-0,0.04322766571,0,20,25,0.6034318926,0.4149290063,0.7682680361,0.5016205463,0.7105421715,0.756097561,0.756097561,347,332,15,326,6,0,15.5298,0
E335,***挖掘机租赁经营部,961.80532,601.759819,360.045501,601.759819,241.714318,0.08181937417,1.939226417,17.14634146,-0,-0,0.09756097561,0,9,58,0.3519164135,0.3769655885,0.4152907225,0.5818153523,0.5983209407,0.5609756098,0.4634146341,779,703,76,703,0,0,-0,0
E336,***猕猴桃专业合作社,314.137511,287.923711,26.2138,287.923711,261.709911,0.01636924646,4.784731877,1.341463415,-0,-0,0.08333333333,0,19,4,0.3787585508,0.9918594967,0.5551303831,0.9959181805,0.09104425582,0.3414634146,0.09756097561,60,55,5,55,0,0,-0,0
E337,个体经营E337,1310.082243,1278.265365,31.816878,1266.756892,1234.940014,-0.01314981021,0.7156031877,18.14634146,0.009003195514,-0,0.09599027947,0,99,35,0.06303445602,0.2587295894,0.165138051,0.4661551017,0.02489066736,0.8780487805,0.8780487805,823,744,79,737,7,0,11.508473,0
E338,***商贸有限公司,828.577238,767.825658,60.75158,767.825658,707.550797,0.04985491277,1.419300542,8.12195122,-0,0.00784702225,0.02346041056,0,4,88,0.3101288683,0.08951072291,0.4509281103,0.2045181376,0.07912158101,0.8048780488,0.6829268293,341,333,8,331,2,0,0.476719,0
E339,***居益卫浴家俬厂,798.388152,465.110192,333.27796,449.253192,115.975232,0.06377836376,1.443229421,7.170731707,0.03409299618,-0,0.02649006623,0,36,32,0.1165057063,0.1809812352,0.2326278844,0.3182471172,0.7165569917,0.5609756098,0.5609756098,302,294,8,290,4,0,15.857,0
E340,***物流有限公司,800.472591,797.255591,3.217,703.25559,700.03859,-0.01325943602,1.625976706,3.585365854,0.1179044739,-0,0.16,0,45,4,0.07707233389,0.9115860343,0.1895252886,0.9543052533,0.00403509243,0.7804878049,0.512195122,175,147,28,136,11,0,94.000001,0
E341,***纺织品有限公司,553.172924,388.666,164.506924,388.666,224.159076,0.07315133094,1.725745631,2.975609756,-0,-0,0.046875,0,26,15,0.07826691619,0.8938746344,0.1637652895,0.9446935133,0.4232603932,0.4146341463,0.243902439,128,122,6,122,0,0,-0,0
E342,***裕华机械厂,826.584395,569.485046,257.099349,568.395046,311.335968,0.0324377168,0.7837143481,9.195121951,0.001914009872,0.000156635947,0.1066350711,0,22,55,0.2696133054,0.1002308855,0.4898151092,0.1844812139,0.4514593505,0.9268292683,0.9268292683,422,377,45,375,2,0,1.130271,0
E343,***五金工具经营部,269.589367,269.505367,0.084,262.86034,262.77634,0.03405950493,0.7553787858,9.853658537,0.02465638096,-0,0.07339449541,0,29,1,0.4288647885,1,0.5983441287,1,0.0003116821046,0.9024390244,0.9024390244,436,404,32,394,10,0,6.645027,0
E344,***机械有限公司,464.523289,293.264,171.259289,265.854,106.660211,0.01981899841,1.241577022,5.024390244,0.09346527361,0.07045165299,0.03738317757,0,54,50,0.08204160112,0.2476250546,0.2085029189,0.3993495617,0.583976516,0.9268292683,0.9268292683,214,206,8,199,7,0,39.4755,0
E345,***科技有限公司,317.479814,251.397,66.082814,251.397,185.314186,0.03649251342,1.358223609,7.902439024,-0,-0,0.04705882353,0,21,105,0.2070689457,0.0928201753,0.3524863065,0.2409658281,0.262862381,0.8536585366,0.4390243902,340,324,16,324,0,0,-0,0
E346,个体经营E346,551.845077,279.035914,272.809163,278.589584,12.590192,0.01538458971,0.8460762624,26.63414634,0.001599543204,0.02496166524,0.04294478528,0,106,92,0.04412195528,0.1045450383,0.1205903553,0.2286523235,0.9776847686,0.8780487805,0.8780487805,1141,1092,49,1083,9,0,7.256101,0
E347,***不锈钢材料有限公司,357.95738,245.667422,112.289958,245.667422,133.377464,0.003342114664,1.074883477,6.219512195,-0,-0,0.1414141414,0,38,34,0.06259475046,0.08797539693,0.1347702342,0.1788532239,0.4570811917,0.9024390244,0.9024390244,297,255,42,255,0,0,-0,0
E348,***酒店管理有限公司,316.147326,235.597142,80.550184,232.869242,153.637701,0.03918174273,0.605047061,103.4634146,0.01157866338,0.01637045298,0.05079436115,0,986,33,0.05322058972,0.146072246,0.1968142593,0.2897912685,0.3418979675,0.8292682927,0.8292682927,4469,4242,227,4206,36,0,4.046543,0
E349,***营销策划广告有限公司,343.639205,342.8946,0.744605,342.8946,342.149995,-0.02739621211,2.564573687,1.170731707,-0,-0,0,0,2,7,0.5118979294,0.2514639609,0.5771295319,0.3357484841,0.002171527344,0.243902439,0.0487804878,48,48,0,48,0,0,-0,0
E350,***演艺设备有限公司,197.758927,153.3645,44.394427,151.6645,107.393373,0.0502960296,1.823067991,16.46341463,0.01108470344,0.002777375638,0.02031930334,0,30,140,0.1420254659,0.08294919888,0.3121719824,0.1802027989,0.2894700338,0.7804878049,0.6829268293,689,675,14,673,2,0,1.8233,0
E351,***文化传播有限公司,139.937535,108.92403,31.013505,108.92403,78.090425,0.05040725256,1.83100518,3.707317073,-0,0.00580069876,0.05590062112,0,14,46,0.1893982747,0.489706321,0.3449852158,0.6940524781,0.284726015,0.6829268293,0.5365853659,161,152,9,151,1,0,0.1799,0
E352,***居装饰工程有限公司,1790.655288,272.9461,1517.709188,272.9461,-1200.670072,0.0006190557745,1.157042831,19.07317073,-0,0.02905234833,0.01635220126,0,40,52,0.03436054837,0.1241573143,0.08236058328,0.2229359898,5.560472152,0.9024390244,0.9024390244,795,782,13,770,12,0,44.093016,0
E353,***税务师事务所有限公司,330.92794,296.916662,34.011278,281.616664,248.272186,-0.0009939391343,1.417567293,7.12195122,0.05152960395,0.01960526153,0.07006369427,0,25,104,0.06324508974,0.06641440589,0.120909348,0.2152197868,0.1145482297,0.8292682927,0.8292682927,314,292,22,287,5,0,15.966798,0
E354,***广告有限公司,301.35104,234.98304,66.368,228.35604,161.98804,0.02623594474,1.33708017,8.731707317,0.02820203535,-0,0.08205128205,0,62,11,0.1217193373,0.3919719241,0.3200230961,0.587632594,0.2824374048,0.8536585366,0.8536585366,390,358,32,351,7,0,6.627,0
E355,***地毯经营部,176.074581,123.018581,53.056,123.018581,69.962581,0.05748335465,0.9971443657,6.487804878,-0,-0,0.06007067138,0,104,2,0.03979231535,0.997891251,0.09027010318,0.9989445115,0.4312844415,0.6341463415,0.6341463415,283,266,17,266,0,0,-0,0
E356,***建材装饰部,156.969196,155.353196,1.616,155.353196,153.737196,0.05452612797,1.092285437,4.682926829,-0,-0,0.01030927835,0,4,2,0.8432375814,0.9330947946,0.9169267171,0.9653465347,0.01040210335,0.6585365854,0.6585365854,194,192,2,192,0,0,-0,0
E357,***家居经营部,143.679494,136.999974,6.67952,136.999974,130.348454,0.05305720974,1.077779926,3.756097561,-0,0.004191917982,0.06097560976,0,15,5,0.2409791152,0.5889553545,0.4212295836,0.7485567825,0.04875562969,0.6341463415,0.4146341463,164,154,10,153,1,0,0.028,0
E358,***五金经营部,196.575005,196.519005,0.056,165.238467,165.182467,0.03941868891,1.004143592,6.365853659,0.1591730937,-0,0.1386138614,0,23,1,0.1276516479,1,0.247394439,1,0.0002849597167,0.6341463415,0.2926829268,303,261,42,227,34,0,31.280538,0
E359,***厨房用品经营部,124.351102,124.295102,0.056,122.648802,122.592802,0.05367387465,1.175079529,5.512195122,0.01324509151,-0,0.07755102041,0,33,1,0.09792212251,1,0.2165302539,1,0.0004505406818,0.5853658537,0.5853658537,245,226,19,223,3,0,1.6463,0
E360,***建筑劳务有限公司,268.952611,268.868611,0.084,268.868611,268.784611,-0.004219847915,3.583255984,0.7804878049,-0,-0,0.1578947368,0,2,1,0.6949790853,1,0.8122331543,1,0.000312420255,0.1463414634,0.07317073171,38,32,6,32,0,0,-0,0
E361,***勘察设计工程有限公司,851.99654,518.23378,333.76276,518.23378,184.47102,0.02652962322,1.925318477,6.365853659,-0,-0,0.1061643836,0,27,12,0.1202378408,0.2203694549,0.2416284018,0.384926407,0.6440389895,0.6829268293,0.2926829268,292,261,31,261,0,0,-0,0
E362,***建材有限公司,503.44488,455.875,47.56988,433.3867,387.97682,-0.008904608325,2.876196248,5.292682927,0.04932996984,0.04540688352,0.06060606061,0,14,61,0.1901680977,0.1324751623,0.3512372909,0.2130970269,0.1043485166,0.8292682927,0.6585365854,231,217,14,209,8,0,24.6483,0
E363,***建筑工程设计有限公司,131.516,110.493212,21.022788,110.493212,89.546668,0.04830528075,1.984369091,3,-0,0.003626731145,0.1086956522,0,10,38,0.3160769656,0.1020287158,0.5212682205,0.159350891,0.190263163,0.6341463415,0.2682926829,138,123,15,119,4,0,0.076244,0
E364,***电子有限公司,288.719262,239.470367,49.248895,234.971777,187.562382,0.009718121273,1.028009964,10.92682927,0.0187855811,0.03735109184,0.05684210526,0,56,23,0.0435364383,0.1877647946,0.1295859709,0.3197375901,0.2056575752,0.9268292683,0.9268292683,475,448,27,437,11,0,6.33809,0
E365,***信息技术有限公司,588.061786,379.713903,208.347883,379.713903,172.36602,0.03587516979,3.177184661,4.926829268,-0,0.004799664799,0.07339449541,0,16,34,0.250046942,0.5888747938,0.4595565204,0.7627118534,0.5486970094,0.8536585366,0.5853658537,218,202,16,201,1,0,1,0
E366,***房地产经纪有限公司,188.179331,150.1732,38.006131,150.1732,112.167069,0.01503944371,1.471245947,0.9756097561,-0,-0,0.0243902439,0,5,6,0.3135743623,0.9785255303,0.4641307504,0.9891772462,0.2530819813,0.4634146341,0.1219512195,41,40,1,40,0,0,-0,0
E367,***电子商务有限公司,240.985765,217,23.985765,207,183.014235,0.001811505379,1.504563482,5.390243902,0.04608294931,-0,0.07916666667,0,8,15,0.2222387394,0.8656199644,0.3410138249,0.9297181057,0.1105334793,0.6097560976,0.2195121951,240,221,19,211,10,0,10,0
E368,***通信科技有限责任公司,133.193316,100.3799,32.813416,89.5939,56.780484,-0.008702256744,3.14939512,2.56097561,0.1074517906,-0,0.1176470588,0,4,38,0.3171389994,0.2554480256,0.4414021134,0.4266547561,0.3268922962,0.5853658537,0.1707317073,119,105,14,104,1,0,10.786,0
E369,***网络技术有限公司,239.189408,165.24999,73.939418,164.22199,90.282572,0.003409375675,1.041042762,8.585365854,0.006220877835,-0,0.06133333333,0,19,31,0.2419194628,0.1158492213,0.3528572074,0.1688057647,0.4474397729,0.8780487805,0.6097560976,375,352,23,350,2,0,1.028,0
E370,***设计服务部,213.520905,213.436905,0.084,208.175905,208.091905,0.05064693596,1.168167614,11.53658537,0.02464897062,-0,0.0577689243,0,89,2,0.08443206047,0.5555555556,0.234261268,0.6666666667,0.0003935589302,0.6829268293,0.4146341463,502,473,29,464,9,0,5.261,0
E371,***自动化科技有限公司,155.078399,134.591645,20.486754,134.591645,114.104891,0.01576787048,2.40740558,2.585365854,-0,-0,0.06194690265,0,9,31,0.2179357734,0.1269451293,0.3394144191,0.2318571307,0.1522141586,0.5853658537,0.2682926829,113,106,7,106,0,0,-0,0
E372,***汽车维修有限责任公司,294.328765,231.596395,62.73237,221.417503,158.685133,0.0005298780758,0.6432052018,20.95121951,0.04395099501,-0,0.05604395604,0,142,54,0.1338854882,0.09404491784,0.2961477531,0.1915495142,0.2708693717,0.9268292683,0.9268292683,910,859,51,838,21,0,10.178892,0
E373,个体经营E373,2444.642341,150.5224,2294.119941,150.5224,-2123.597541,0.03684440813,3.134339355,23.82926829,-0,0.008717940001,0.01611278953,0,18,105,0.2963421658,0.1267892172,0.4797425499,0.2551048978,15.24105343,0.8780487805,0.8780487805,993,977,16,975,2,0,20,0
E374,***建材经营部,135.495758,130.639758,4.856,130.639758,125.783758,0.04306926565,1.656504885,5.048780488,-0,-0,0.1785714286,0,47,2,0.0725041175,0.9772017294,0.1512939116,0.9884678748,0.03717092005,0.5609756098,0.5365853659,252,207,45,207,0,0,-0,0
E375,***电器经营部,101.61255,101.55655,0.056,101.55655,101.50055,0.02817051116,0.9808400505,8.756097561,-0,-0,0.05277044855,0,225,1,0.0279626728,1,0.08862057642,1,0.0005514169199,0.756097561,0.756097561,379,359,20,359,0,0,-0,0
E376,***建筑装饰设计有限责任公司,59.010328,58.354328,0.656,58.354328,57.698328,0.02191774643,2.958892267,1.170731707,-0,-0,0.1428571429,0,13,2,0.2326885981,0.8438429506,0.3547294727,0.9146341463,0.01124166831,0.3414634146,0.07317073171,56,48,8,48,0,0,-0,0
E377,***文化传播有限公司,108.03003,82.55283,25.4772,80.38033,54.90313,0.01283945186,1.91279787,4.048780488,0.02631648122,-0,0.1573604061,0,25,29,0.1044222944,0.2331099947,0.1961895189,0.3775925141,0.3086169184,0.8048780488,0.8048780488,197,166,31,164,2,0,2.1725,0
E378,***商贸有限公司,240.36134,108.503971,131.857369,98.629431,-33.21165,0.05982597005,2.103530318,23.97560976,0.09100625451,0.0001235274154,0.06736242884,0,72,60,0.1198387989,0.2537722276,0.2706392746,0.4593244842,1.215230814,0.8292682927,0.6829268293,1054,983,71,970,13,0,9.890828,0
E379,***药业有限公司,391.396769,248.4292,142.967569,248.4292,105.627331,-0.01637733613,1.067817928,12.7804878,-0,0.00115900411,0.1602564103,0,49,93,0.3135439669,0.2262793599,0.5449967234,0.3941191026,0.5754861707,0.9268292683,0.9268292683,624,524,100,521,3,0,0.1657,0
E380,***建材有限公司,140.104914,140.048914,0.056,126.338891,126.282891,0.02744956836,2.136528237,4.097560976,0.09789453276,-0,0.1157894737,0,6,2,0.8850790792,0.5,0.9402099612,0.5,0.0003998602945,0.4146341463,0.1463414634,190,168,22,152,16,0,13.710023,0
E381,***通信网络工程有限公司,9943.898859,193.073923,9750.824936,171.868979,-9567.466617,0.0145381464,2.011669675,45.02439024,0.1098281097,0.001178294152,0.03097112861,0,14,195,0.1560746329,0.05552882704,0.2213392328,0.1659691485,50.50306527,0.9024390244,0.9024390244,1905,1846,59,1825,21,0,32.694284,0
E382,***教育信息咨询有限公司***分公司,53.2707,53.1947,0.076,53.1947,53.1187,0.03595321618,1.312037895,2.195121951,-0,-0,0,0,77,2,0.01544653721,0.5346260388,0.02455131808,0.6315789474,0.001428713763,0.512195122,0.3414634146,90,90,0,90,0,0,-0,0
E383,***通讯器材经营部,113.4242,89.9692,23.455,83.6692,60.2142,0.005574482734,2.01205332,3.024390244,0.07002396376,-0,0.1079136691,0,10,7,0.7445477282,0.8695658086,0.8577557653,0.9310168408,0.2607003286,0.487804878,0.3414634146,139,124,15,117,7,0,6.3,0
E384,个体经营E384,524.441047,230.082107,294.35894,230.082107,-61.816833,0.02715775871,2.626778867,6.414634146,-0,0.008357143833,0.05734767025,0,4,78,0.6391052618,0.07999472227,0.7648643751,0.1899894734,1.279364762,0.8536585366,0.8048780488,279,263,16,260,3,0,2.46,0
E385,***装饰工程有限公司,55.919359,54.460959,1.4584,48.599359,47.140959,0.01095263053,2.338992218,1,0.1076293937,-0,0.3050847458,0,7,7,0.2479788319,0.2745715215,0.3139404872,0.3867251783,0.026778816,0.4634146341,0.1951219512,59,41,18,40,1,0,5.8616,0
E386,个体经营E386,476.724736,457,19.724736,427,407.275264,-0.06243089852,1.890589797,11.02439024,0.06564551422,-0,0.03211991435,0,6,113,0.4011462827,0.04844772334,0.4814004376,0.1659236402,0.04316134792,0.6585365854,0.5609756098,467,452,15,448,4,0,30,0
E387,***农副产品经营部,85.1281,84.9901,0.138,84.9901,84.8521,0.01801372094,0.6939075677,2.170731707,-0,-0,0.0824742268,0,8,1,0.5619219044,1,0.7412628059,1,0.001623718527,0.6829268293,0.6097560976,97,89,8,89,0,0,-0,0
E388,***商贸有限公司,116.82833,106.24505,10.58328,106.24505,95.69927,0.006925081542,0.8242269469,14.87804878,-0,0.003543324943,0.05572755418,0,84,56,0.08409045205,0.3122287233,0.2290878493,0.5505776092,0.09961198192,0.9024390244,0.9024390244,646,610,36,609,1,0,0.0375,0
E389,***清洁服务有限公司,47.8347,47.5467,0.288,47.5467,47.2587,0.02923757986,2.056451961,1.585365854,-0,-0,0.01515151515,0,2,2,0.9853860064,0.7222222222,0.9926388162,0.8333333333,0.006057202708,0.2682926829,0.1219512195,66,65,1,65,0,0,-0,0
E390,***建筑工程有限公司,82.518442,81.790562,0.72788,81.790562,81.062682,0.003219348395,2.955683971,0.7317073171,-0,-0,0,0,1,14,1,0.1521338853,1,0.3111776666,0.008899315302,0.3170731707,0.07317073171,30,30,0,30,0,0,-0,0
E391,***五金店,136.492556,136.403556,0.089,135.43922,135.35022,0.002499527917,0.7144265152,7.829268293,0.007069727713,-0,0.09065155807,0,102,2,0.05588248875,0.5333922485,0.1364634511,0.6292134831,0.0006524756583,0.9268292683,0.9268292683,353,321,32,318,3,0,0.964336,0
E392,***科技有限公司,113.808776,104.4138,9.394976,103.9838,94.588824,0.01317804574,1.340190359,9.902439024,0.004118229583,-0,0.07517084282,0,164,31,0.03634195797,0.17434888,0.1296763455,0.3569993154,0.08997829789,0.8780487805,0.8780487805,439,406,33,404,2,0,0.43,0
E393,***商贸有限责任公司,137.894383,95.171559,42.722824,92.060659,49.337835,0.01052877945,0.4794462081,13.82926829,0.03268728634,-0,0.1014263074,0,164,6,0.0653756273,0.5302867149,0.16714132,0.6374013104,0.4489032695,0.8780487805,0.8780487805,631,567,64,557,10,0,3.1109,0
E394,***环保设计研究院（有限合伙）,189.131495,110.4149,78.716595,110.4149,33.407015,0.03575724017,2.621092579,13.51219512,-0,0.02170711271,0.1206349206,0,11,131,0.1869396924,0.07338452292,0.2719107657,0.1270380153,0.712916418,0.8536585366,0.8048780488,630,554,76,550,4,0,1.70871,0
E395,***网络科技有限公司,248.403812,221.67731,26.726502,221.66231,195.216708,-0.01921761851,1.696171821,5.536585366,6.766592395e-05,0.01051016702,0.1775362319,0,18,37,0.2067436644,0.216299978,0.3164572865,0.3354498093,0.1205648968,0.7804878049,0.5853658537,276,227,49,221,6,0,0.2959,0
E396,***文化传播有限公司,117.674138,67.80252,49.871618,65.52182,15.650202,-0.009427808999,2.375848593,6.414634146,0.03363739283,-0,0.0640569395,0,14,96,0.2198708282,0.0841215813,0.3999733343,0.1767999586,0.7355422483,0.8048780488,0.6585365854,281,263,18,260,3,0,2.2807,0
E397,***大闸蟹经营部,111.23615,66.97215,44.264,66.97215,22.70815,0.01988122741,1.818437555,3.682926829,-0,-0,0.2524752475,0,66,4,0.07159479226,0.8822222017,0.1716076011,0.9375564793,0.6609314469,0.3658536585,0.1463414634,202,151,51,151,0,0,-0,0
E398,***医疗管理咨询有限公司,71.824414,63.743335,8.081079,63.743335,55.662256,0.02013900359,2.696366583,3.951219512,-0,-0,0.006134969325,0,24,20,0.6506070379,0.2195792991,0.8032212309,0.3813673892,0.1267752778,0.8048780488,0.8048780488,163,162,1,162,0,0,-0,0
E399,***装饰工程有限公司,47.5596,45.54248,2.01712,45.54248,43.52536,0.00646809726,3.054785263,1.634146341,-0,-0,0.05633802817,0,9,13,0.2502469958,0.3193611264,0.3448073096,0.4871301658,0.04429095649,0.6341463415,0.6341463415,71,67,4,67,0,0,-0,0
E400,***办公用品经营部,91.197135,84.03277,7.164365,84.03277,76.868405,-0.008683498218,1.311346428,3.365853659,-0,-0,0.08,0,21,4,0.106284317,0.574582157,0.1740615001,0.7021696968,0.08525679922,0.6585365854,0.1707317073,150,138,12,138,0,0,-0,0
E401,***遮阳技术发展中心,54.736384,36.029299,18.707085,36.029299,17.322214,0.01193149296,2.995317157,1.634146341,-0,-0,0.3619047619,0,14,10,0.2421812826,0.3086870542,0.4440830225,0.464790586,0.5192186781,0.6097560976,0.2195121951,105,67,38,67,0,0,-0,0
E402,***商贸有限公司,108.084232,59.863432,48.2208,54.863432,6.642632,-0.01402909471,2.083818343,1.926829268,0.08352344383,-0,0.03658536585,0,4,5,0.3510820653,0.9945029895,0.429202589,0.9972460017,0.805513456,0.3902439024,0.1463414634,82,79,3,77,2,0,5,0
E403,***机械有限公司,134.278323,124.273171,10.005152,124.273171,114.268019,0.0002557922485,1.322296667,4.12195122,-0,-0,0.06111111111,0,10,53,0.313155627,0.05620638057,0.4771098663,0.1129568047,0.08050934823,0.9024390244,0.8780487805,180,169,11,169,0,0,-0,0
E404,个体经营E404,185.3085,91.61,93.6985,91.61,-2.0885,0.0006590998983,3.850520551,0.9756097561,-0,-0,0.2,0,4,12,0.4593896536,0.2349862107,0.5425171924,0.3359178642,1.02279773,0.3658536585,0.09756097561,50,40,10,40,0,0,-0,0
E405,***职业技能服务有限公司,70.051512,60.9176,9.133912,60.9176,51.783688,-0.0005512932825,3.259755797,1.024390244,-0,-0,0.3333333333,0,12,5,0.2954892535,0.8907658709,0.4841786282,0.9431336759,0.1499388026,0.4146341463,0.1219512195,63,42,21,42,0,0,-0,0
E406,***招投标代理有限公司,108.488324,88.685945,19.802379,85.671945,65.869566,0.01286769732,2.917595209,1.853658537,0.033985092,-0,0.0843373494,0,5,34,0.3387841554,0.1511901883,0.4829000243,0.2069751316,0.2232865535,0.5853658537,0.2682926829,83,76,7,75,1,0,3.014,0
E407,***装饰工程有限公司,250.703118,209.4413,41.261818,190.4413,149.316882,0.0524658153,2.299288818,4.365853659,0.09071754234,0.003329955069,0.0725388601,0,5,53,0.3268124827,0.2131595342,0.4607496229,0.4304221399,0.1970089853,0.7073170732,0.6829268293,193,179,14,175,4,0,19.1374,0
E408,***空调制冷有限责任公司,60.560014,53.7826,6.777414,53.7826,47.005186,-0.0006083044358,1.693022026,1.585365854,-0,-0,0.09722222222,0,10,11,0.273926932,0.2321359465,0.4476280433,0.3762532435,0.1260149937,0.6341463415,0.2195121951,72,65,7,65,0,0,-0,0
E409,***塑胶有限公司,27.262237,22.292337,4.9699,22.292337,17.322437,0.01509242502,1.664747543,2.56097561,-0,-0,0.09482758621,0,37,5,0.08624810597,0.4335974236,0.1387300039,0.5875369726,0.2229420809,0.6341463415,0.3170731707,116,105,11,105,0,0,-0,0
E410,***网络科技有限公司,44.106151,42.1828,1.923351,41.2858,39.398183,0.01078911424,1.607066019,4.146341463,0.02126459126,0.01857903212,0.005847953216,0,41,10,0.08083106396,0.3862496842,0.154091241,0.5924482843,0.04559562191,0.7073170732,0.4146341463,171,170,1,165,5,0,0.932734,0
E411,***机电设备有限公司,54.075003,28.9049,25.170103,26.8303,1.660197,0.006975356315,1.671167454,4.292682927,0.07177329795,-0,0.145631068,0,28,33,0.1058811931,0.641367359,0.1960844009,0.798566458,0.8707901774,0.8048780488,0.6585365854,206,176,30,172,4,0,2.0746,0
E412,***汽车贸易有限公司,40.098136,33.1101,6.988036,33.1101,26.122064,0.0003388186483,1.220838505,5.365853659,-0,-0,0.06382978723,0,82,19,0.03230792682,0.1640493745,0.08456634078,0.2630691943,0.2110545121,0.8536585366,0.8048780488,235,220,15,220,0,0,-0,0
E413,***石材工艺品有限公司,32.283221,29.558831,2.72439,29.558831,26.834441,0.01914949414,3.849086812,2.317073171,-0,-0,0.06862745098,0,7,9,0.4492486955,0.2512569923,0.6393080971,0.3476073543,0.09216839462,0.4390243902,0.1951219512,102,95,7,95,0,0,-0,0
E414,***物流有限责任公司***分公司,39.868233,38.84,1.028233,38.84,37.811767,0.004825219876,3.68035197,0.4146341463,-0,-0,0.15,0,6,4,0.3295753208,0.4465219748,0.4647270855,0.553603123,0.02647355819,0.2682926829,0.07317073171,20,17,3,17,0,0,-0,0
E415,***广告设计服务部,10.93912,9.13912,1.8,8.78932,6.98932,0.01047619557,1.355288897,5.12195122,0.03827501991,-0,0,0,181,1,0.01028528199,1,0.04763040643,1,0.1969555056,0.5609756098,0.5609756098,210,210,0,203,7,0,0.3498,0
E416,***科技有限公司,32.745452,21.56968,11.175772,21.56968,10.393908,0.01235170259,2.411921934,0.7317073171,-0,-0,0.09090909091,0,5,5,0.4044065693,0.9702629746,0.5563364871,0.9849880617,0.5181241446,0.3170731707,0.09756097561,33,30,3,30,0,0,-0,0
E417,***园林景观工程有限公司,34.033846,16.652,17.381846,16.652,-0.729846,0.0008101489615,4.100427174,3.243902439,-0,-0,0.007462686567,0,2,23,0.5167960152,0.3223859295,0.5916406438,0.5281372301,1.04382933,0.756097561,0.6585365854,134,133,1,133,0,0,-0,0
E418,***营销策划有限公司,48.788664,43.88912,4.899544,43.88912,38.989576,0.004476311489,4.048856522,2.219512195,-0,-0,0.03191489362,0,12,31,0.3647573301,0.1589044576,0.5793121393,0.3178867258,0.1116345919,0.487804878,0.3658536585,94,91,3,91,0,0,-0,0
E419,***科技有限公司,1200.930474,5.52,1195.410474,5.52,-1185.439952,0.006074376902,3.178955032,31.26829268,-0,0.003723007366,0.01987767584,0,2,193,0.6009241756,0.5597629447,0.7246376812,0.7429735512,216.5598685,0.9268292683,0.9268292683,1308,1282,26,1269,13,0,4.450522,0
E420,***康药房,221.991109,8.232173,213.758936,8.232173,-205.526763,0.001715637242,1.186556665,6.463414634,-0,-0,0.05017921147,0,72,20,0.02781574809,0.2479274622,0.06613745848,0.3778078312,25.96628326,0.7804878049,0.6585365854,279,265,14,265,0,0,-0,0
E421,***保温材料有限公司,28.524183,25.307183,3.217,25.307183,22.090183,-0.001177179309,4.223736329,1.146341463,-0,-0,0.02083333333,0,5,5,0.448898241,0.8540227067,0.6322315684,0.9232203917,0.1271180597,0.3902439024,0.1219512195,48,47,1,47,0,0,-0,0
E422,***童装店,2.881661,2.785661,0.096,2.785661,2.689661,0.005075259746,3.029250073,0.7317073171,-0,-0,0.09090909091,0,20,2,0.1320841788,0.6701388889,0.2997493234,0.7916666667,0.03446219766,0.3414634146,0.2682926829,33,30,3,30,0,0,-0,0
E423,***通风设备有限公司,15.41017,7.497,7.91317,7.497,0.59183,-0.00210896166,3.188918283,0.6585365854,-0,0.1273825787,0.03571428571,0,3,8,0.3900977758,0.4628036994,0.5278111244,0.644520464,1.055511538,0.4146341463,0.1219512195,28,27,1,26,1,0,1.008,0
E424,***贸易有限公司,35.245298,8.045359,27.199939,7.92033,-19.279609,2.785136926e-05,5.354078802,1.512195122,0.01554051224,-0,0.08823529412,0,21,13,0.7028069335,0.7139799185,0.8334370163,0.8386569543,3.380823528,0.4390243902,0.1951219512,68,62,6,60,2,0,0.125029,0
E425,***商贸有限公司,15.03149,8.768,6.26349,8.768,2.55986,-0.000594149776,4.305196226,3.073170732,-0,0.008836926378,0.07352941176,0,2,27,0.8924527312,0.08548668361,0.9429744526,0.1724278318,0.7143578923,0.512195122,0.3414634146,136,126,10,123,3,0,0.05535,0
