enterprise_id,ood_feature_count,ood_feature_fraction,missing_primary_feature_count,novelty_score_max_tail_distance,ood_flag,threshold_source,threshold_rule
E124,2,0.1333333333,0,1.794988914,True,attachment1_123_only,any_primary_feature_outside_reference_quantile_interval
E125,2,0.1333333333,0,2.315698234,True,attachment1_123_only,any_primary_feature_outside_reference_quantile_interval
E126,0,0,0,0,False,attachment1_123_only,any_primary_feature_outside_reference_quantile_interval
E127,1,0.06666666667,0,0.128121032,True,attachment1_123_only,any_primary_feature_outside_reference_quantile_interval
E128,0,0,0,0,False,attachment1_123_only,any_primary_feature_outside_reference_quantile_interval
E129,0,0,0,0,False,attachment1_123_only,any_primary_feature_outside_reference_quantile_interval
E130,0,0,0,0,False,attachment1_123_only,any_primary_feature_outside_reference_quantile_interval
E131,0,0,0,0,False,attachment1_123_only,any_primary_feature_outside_reference_quantile_interval
E132,0,0,0,0,False,attachment1_123_only,any_primary_feature_outside_reference_quantile_interval
E133,0,0,0,0,False,attachment1_123_only,any_primary_feature_outside_reference_quantile_interval
E134,0,0,0,0,False,attachment1_123_only,any_primary_feature_outside_reference_quantile_interval
E135,0,0,0,0,False,attachment1_123_only,any_primary_feature_outside_reference_quantile_interval
E136,0,0,0,0,False,attachment1_123_only,any_primary_feature_outside_reference_quantile_interval
E137,0,0,0,0,False,attachment1_123_only,any_primary_feature_outside_reference_quantile_interval
E138,0,0,0,0,False,attachment1_123_only,any_primary_feature_outside_reference_quantile_interval
E139,0,0,0,0,False,attachment1_123_only,any_primary_feature_outside_reference_quantile_interval
E140,0,0,0,0,False,attachment1_123_only,any_primary_feature_outside_reference_quantile_interval
E141,0,0,0,0,False,attachment1_123_only,any_primary_feature_outside_reference_quantile_interval
E142,0,0,0,0,False,attachment1_123_only,any_primary_feature_outside_reference_quantile_interval
E143,0,0,0,0,False,attachment1_123_only,any_primary_feature_outside_reference_quantile_interval
E144,0,0,0,0,False,attachment1_123_only,any_primary_feature_outside_reference_quantile_interval
E145,0,0,0,0,False,attachment1_123_only,any_primary_feature_outside_reference_quantile_interval
E146,0,0,0,0,False,attachment1_123_only,any_primary_feature_outside_reference_quantile_interval
E147,0,0,0,0,False,attachment1_123_only,any_primary_feature_outside_reference_quantile_interval
E148,0,0,0,0,False,attachment1_123_only,any_primary_feature_outside_reference_quantile_interval
E149,0,0,0,0,False,attachment1_123_only,any_primary_feature_outside_reference_quantile_interval
E150,0,0,0,0,False,attachment1_123_only,any_primary_feature_outside_reference_quantile_interval
E151,0,0,0,0,False,attachment1_123_only,any_primary_feature_outside_reference_quantile_interval
E152,0,0,0,0,False,attachment1_123_only,any_primary_feature_outside_reference_quantile_interval
E153,1,0.06666666667,0,8.181684408e-06,True,attachment1_123_only,any_primary_feature_outside_reference_quantile_interval
E154,1,0.06666666667,0,0.04623021284,True,attachment1_123_only,any_primary_feature_outside_reference_quantile_interval
E155,0,0,0,0,False,attachment1_123_only,any_primary_feature_outside_reference_quantile_interval
E156,0,0,0,0,False,attachment1_123_only,any_primary_feature_outside_reference_quantile_interval
E157,0,0,0,0,False,attachment1_123_only,any_primary_feature_outside_reference_quantile_interval
E158,0,0,0,0,False,attachment1_123_only,any_primary_feature_outside_reference_quantile_interval
E159,0,0,0,0,False,attachment1_123_only,any_primary_feature_outside_reference_quantile_interval
E160,0,0,0,0,False,attachment1_123_only,any_primary_feature_outside_reference_quantile_interval
E161,0,0,0,0,False,attachment1_123_only,any_primary_feature_outside_reference_quantile_interval
E162,0,0,0,0,False,attachment1_123_only,any_primary_feature_outside_reference_quantile_interval
E163,0,0,0,0,False,attachment1_123_only,any_primary_feature_outside_reference_quantile_interval
E164,0,0,0,0,False,attachment1_123_only,any_primary_feature_outside_reference_quantile_interval
E165,0,0,0,0,False,attachment1_123_only,any_primary_feature_outside_reference_quantile_interval
E166,0,0,0,0,False,attachment1_123_only,any_primary_feature_outside_reference_quantile_interval
E167,0,0,0,0,False,attachment1_123_only,any_primary_feature_outside_reference_quantile_interval
E168,0,0,0,0,False,attachment1_123_only,any_primary_feature_outside_reference_quantile_interval
E169,0,0,0,0,False,attachment1_123_only,any_primary_feature_outside_reference_quantile_interval
E170,0,0,0,0,False,attachment1_123_only,any_primary_feature_outside_reference_quantile_interval
E171,0,0,0,0,False,attachment1_123_only,any_primary_feature_outside_reference_quantile_interval
E172,0,0,0,0,False,attachment1_123_only,any_primary_feature_outside_reference_quantile_interval
E173,0,0,0,0,False,attachment1_123_only,any_primary_feature_outside_reference_quantile_interval
E174,0,0,0,0,False,attachment1_123_only,any_primary_feature_outside_reference_quantile_interval
E175,0,0,0,0,False,attachment1_123_only,any_primary_feature_outside_reference_quantile_interval
E176,0,0,0,0,False,attachment1_123_only,any_primary_feature_outside_reference_quantile_interval
E177,0,0,0,0,False,attachment1_123_only,any_primary_feature_outside_reference_quantile_interval
E178,0,0,0,0,False,attachment1_123_only,any_primary_feature_outside_reference_quantile_interval
E179,0,0,0,0,False,attachment1_123_only,any_primary_feature_outside_reference_quantile_interval
E180,0,0,0,0,False,attachment1_123_only,any_primary_feature_outside_reference_quantile_interval
E181,0,0,0,0,False,attachment1_123_only,any_primary_feature_outside_reference_quantile_interval
E182,0,0,0,0,False,attachment1_123_only,any_primary_feature_outside_reference_quantile_interval
E183,0,0,0,0,False,attachment1_123_only,any_primary_feature_outside_reference_quantile_interval
E184,0,0,0,0,False,attachment1_123_only,any_primary_feature_outside_reference_quantile_interval
E185,1,0.06666666667,0,0.1650201981,True,attachment1_123_only,any_primary_feature_outside_reference_quantile_interval
E186,0,0,0,0,False,attachment1_123_only,any_primary_feature_outside_reference_quantile_interval
E187,4,0.2666666667,0,1.109535628,True,attachment1_123_only,any_primary_feature_outside_reference_quantile_interval
E188,0,0,0,0,False,attachment1_123_only,any_primary_feature_outside_reference_quantile_interval
E189,0,0,0,0,False,attachment1_123_only,any_primary_feature_outside_reference_quantile_interval
E190,0,0,0,0,False,attachment1_123_only,any_primary_feature_outside_reference_quantile_interval
E191,1,0.06666666667,0,0.1586872057,True,attachment1_123_only,any_primary_feature_outside_reference_quantile_interval
E192,0,0,0,0,False,attachment1_123_only,any_primary_feature_outside_reference_quantile_interval
E193,1,0.06666666667,0,0.06534282882,True,attachment1_123_only,any_primary_feature_outside_reference_quantile_interval
E194,1,0.06666666667,0,0.004374784032,True,attachment1_123_only,any_primary_feature_outside_reference_quantile_interval
E195,0,0,0,0,False,attachment1_123_only,any_primary_feature_outside_reference_quantile_interval
E196,0,0,0,0,False,attachment1_123_only,any_primary_feature_outside_reference_quantile_interval
E197,0,0,0,0,False,attachment1_123_only,any_primary_feature_outside_reference_quantile_interval
E198,0,0,0,0,False,attachment1_123_only,any_primary_feature_outside_reference_quantile_interval
E199,0,0,0,0,False,attachment1_123_only,any_primary_feature_outside_reference_quantile_interval
E200,0,0,0,0,False,attachment1_123_only,any_primary_feature_outside_reference_quantile_interval
E201,0,0,0,0,False,attachment1_123_only,any_primary_feature_outside_reference_quantile_interval
E202,0,0,0,0,False,attachment1_123_only,any_primary_feature_outside_reference_quantile_interval
E203,0,0,0,0,False,attachment1_123_only,any_primary_feature_outside_reference_quantile_interval
E204,0,0,0,0,False,attachment1_123_only,any_primary_feature_outside_reference_quantile_interval
E205,0,0,0,0,False,attachment1_123_only,any_primary_feature_outside_reference_quantile_interval
E206,0,0,0,0,False,attachment1_123_only,any_primary_feature_outside_reference_quantile_interval
E207,0,0,0,0,False,attachment1_123_only,any_primary_feature_outside_reference_quantile_interval
E208,0,0,0,0,False,attachment1_123_only,any_primary_feature_outside_reference_quantile_interval
E209,0,0,0,0,False,attachment1_123_only,any_primary_feature_outside_reference_quantile_interval
E210,0,0,0,0,False,attachment1_123_only,any_primary_feature_outside_reference_quantile_interval
E211,0,0,0,0,False,attachment1_123_only,any_primary_feature_outside_reference_quantile_interval
E212,0,0,0,0,False,attachment1_123_only,any_primary_feature_outside_reference_quantile_interval
E213,0,0,0,0,False,attachment1_123_only,any_primary_feature_outside_reference_quantile_interval
E214,0,0,0,0,False,attachment1_123_only,any_primary_feature_outside_reference_quantile_interval
E215,0,0,0,0,False,attachment1_123_only,any_primary_feature_outside_reference_quantile_interval
E216,0,0,0,0,False,attachment1_123_only,any_primary_feature_outside_reference_quantile_interval
E217,4,0.2666666667,0,1.113753067,True,attachment1_123_only,any_primary_feature_outside_reference_quantile_interval
E218,0,0,0,0,False,attachment1_123_only,any_primary_feature_outside_reference_quantile_interval
E219,0,0,0,0,False,attachment1_123_only,any_primary_feature_outside_reference_quantile_interval
E220,1,0.06666666667,0,0.008344215878,True,attachment1_123_only,any_primary_feature_outside_reference_quantile_interval
E221,0,0,0,0,False,attachment1_123_only,any_primary_feature_outside_reference_quantile_interval
E222,0,0,0,0,False,attachment1_123_only,any_primary_feature_outside_reference_quantile_interval
E223,0,0,0,0,False,attachment1_123_only,any_primary_feature_outside_reference_quantile_interval
E224,0,0,0,0,False,attachment1_123_only,any_primary_feature_outside_reference_quantile_interval
E225,0,0,0,0,False,attachment1_123_only,any_primary_feature_outside_reference_quantile_interval
E226,0,0,0,0,False,attachment1_123_only,any_primary_feature_outside_reference_quantile_interval
E227,0,0,0,0,False,attachment1_123_only,any_primary_feature_outside_reference_quantile_interval
E228,0,0,0,0,False,attachment1_123_only,any_primary_feature_outside_reference_quantile_interval
E229,1,0.06666666667,0,7.542959696e-05,True,attachment1_123_only,any_primary_feature_outside_reference_quantile_interval
E230,0,0,0,0,False,attachment1_123_only,any_primary_feature_outside_reference_quantile_interval
E231,0,0,0,0,False,attachment1_123_only,any_primary_feature_outside_reference_quantile_interval
E232,0,0,0,0,False,attachment1_123_only,any_primary_feature_outside_reference_quantile_interval
E233,0,0,0,0,False,attachment1_123_only,any_primary_feature_outside_reference_quantile_interval
E234,0,0,0,0,False,attachment1_123_only,any_primary_feature_outside_reference_quantile_interval
E235,0,0,0,0,False,attachment1_123_only,any_primary_feature_outside_reference_quantile_interval
E236,0,0,0,0,False,attachment1_123_only,any_primary_feature_outside_reference_quantile_interval
E237,0,0,0,0,False,attachment1_123_only,any_primary_feature_outside_reference_quantile_interval
E238,1,0.06666666667,0,0.002035675579,True,attachment1_123_only,any_primary_feature_outside_reference_quantile_interval
E239,0,0,0,0,False,attachment1_123_only,any_primary_feature_outside_reference_quantile_interval
E240,1,0.06666666667,0,0.009569068326,True,attachment1_123_only,any_primary_feature_outside_reference_quantile_interval
E241,0,0,0,0,False,attachment1_123_only,any_primary_feature_outside_reference_quantile_interval
E242,2,0.1333333333,0,0.1877796422,True,attachment1_123_only,any_primary_feature_outside_reference_quantile_interval
E243,0,0,0,0,False,attachment1_123_only,any_primary_feature_outside_reference_quantile_interval
E244,0,0,0,0,False,attachment1_123_only,any_primary_feature_outside_reference_quantile_interval
E245,0,0,0,0,False,attachment1_123_only,any_primary_feature_outside_reference_quantile_interval
E246,0,0,0,0,False,attachment1_123_only,any_primary_feature_outside_reference_quantile_interval
E247,0,0,0,0,False,attachment1_123_only,any_primary_feature_outside_reference_quantile_interval
E248,0,0,0,0,False,attachment1_123_only,any_primary_feature_outside_reference_quantile_interval
E249,0,0,0,0,False,attachment1_123_only,any_primary_feature_outside_reference_quantile_interval
E250,0,0,0,0,False,attachment1_123_only,any_primary_feature_outside_reference_quantile_interval
E251,0,0,0,0,False,attachment1_123_only,any_primary_feature_outside_reference_quantile_interval
E252,0,0,0,0,False,attachment1_123_only,any_primary_feature_outside_reference_quantile_interval
E253,0,0,0,0,False,attachment1_123_only,any_primary_feature_outside_reference_quantile_interval
E254,0,0,0,0,False,attachment1_123_only,any_primary_feature_outside_reference_quantile_interval
E255,0,0,0,0,False,attachment1_123_only,any_primary_feature_outside_reference_quantile_interval
E256,1,0.06666666667,0,0.001216079568,True,attachment1_123_only,any_primary_feature_outside_reference_quantile_interval
E257,0,0,0,0,False,attachment1_123_only,any_primary_feature_outside_reference_quantile_interval
E258,0,0,0,0,False,attachment1_123_only,any_primary_feature_outside_reference_quantile_interval
E259,1,0.06666666667,0,0.003378286662,True,attachment1_123_only,any_primary_feature_outside_reference_quantile_interval
E260,0,0,0,0,False,attachment1_123_only,any_primary_feature_outside_reference_quantile_interval
E261,0,0,0,0,False,attachment1_123_only,any_primary_feature_outside_reference_quantile_interval
E262,0,0,0,0,False,attachment1_123_only,any_primary_feature_outside_reference_quantile_interval
E263,0,0,0,0,False,attachment1_123_only,any_primary_feature_outside_reference_quantile_interval
E264,2,0.1333333333,0,0.981694462,True,attachment1_123_only,any_primary_feature_outside_reference_quantile_interval
E265,0,0,0,0,False,attachment1_123_only,any_primary_feature_outside_reference_quantile_interval
E266,0,0,0,0,False,attachment1_123_only,any_primary_feature_outside_reference_quantile_interval
E267,0,0,0,0,False,attachment1_123_only,any_primary_feature_outside_reference_quantile_interval
E268,0,0,0,0,False,attachment1_123_only,any_primary_feature_outside_reference_quantile_interval
E269,0,0,0,0,False,attachment1_123_only,any_primary_feature_outside_reference_quantile_interval
E270,0,0,0,0,False,attachment1_123_only,any_primary_feature_outside_reference_quantile_interval
E271,0,0,0,0,False,attachment1_123_only,any_primary_feature_outside_reference_quantile_interval
E272,0,0,0,0,False,attachment1_123_only,any_primary_feature_outside_reference_quantile_interval
E273,2,0.1333333333,0,0.6684161456,True,attachment1_123_only,any_primary_feature_outside_reference_quantile_interval
E274,0,0,0,0,False,attachment1_123_only,any_primary_feature_outside_reference_quantile_interval
E275,0,0,0,0,False,attachment1_123_only,any_primary_feature_outside_reference_quantile_interval
E276,0,0,0,0,False,attachment1_123_only,any_primary_feature_outside_reference_quantile_interval
E277,0,0,0,0,False,attachment1_123_only,any_primary_feature_outside_reference_quantile_interval
E278,0,0,0,0,False,attachment1_123_only,any_primary_feature_outside_reference_quantile_interval
E279,0,0,0,0,False,attachment1_123_only,any_primary_feature_outside_reference_quantile_interval
E280,0,0,0,0,False,attachment1_123_only,any_primary_feature_outside_reference_quantile_interval
E281,0,0,0,0,False,attachment1_123_only,any_primary_feature_outside_reference_quantile_interval
E282,0,0,0,0,False,attachment1_123_only,any_primary_feature_outside_reference_quantile_interval
E283,0,0,0,0,False,attachment1_123_only,any_primary_feature_outside_reference_quantile_interval
E284,0,0,0,0,False,attachment1_123_only,any_primary_feature_outside_reference_quantile_interval
E285,0,0,0,0,False,attachment1_123_only,any_primary_feature_outside_reference_quantile_interval
E286,0,0,0,0,False,attachment1_123_only,any_primary_feature_outside_reference_quantile_interval
E287,0,0,0,0,False,attachment1_123_only,any_primary_feature_outside_reference_quantile_interval
E288,0,0,0,0,False,attachment1_123_only,any_primary_feature_outside_reference_quantile_interval
E289,1,0.06666666667,0,0.01276083314,True,attachment1_123_only,any_primary_feature_outside_reference_quantile_interval
E290,0,0,0,0,False,attachment1_123_only,any_primary_feature_outside_reference_quantile_interval
E291,0,0,0,0,False,attachment1_123_only,any_primary_feature_outside_reference_quantile_interval
E292,0,0,0,0,False,attachment1_123_only,any_primary_feature_outside_reference_quantile_interval
E293,0,0,0,0,False,attachment1_123_only,any_primary_feature_outside_reference_quantile_interval
E294,0,0,0,0,False,attachment1_123_only,any_primary_feature_outside_reference_quantile_interval
E295,0,0,0,0,False,attachment1_123_only,any_primary_feature_outside_reference_quantile_interval
E296,0,0,0,0,False,attachment1_123_only,any_primary_feature_outside_reference_quantile_interval
E297,0,0,0,0,False,attachment1_123_only,any_primary_feature_outside_reference_quantile_interval
E298,0,0,0,0,False,attachment1_123_only,any_primary_feature_outside_reference_quantile_interval
E299,0,0,0,0,False,attachment1_123_only,any_primary_feature_outside_reference_quantile_interval
E300,0,0,0,0,False,attachment1_123_only,any_primary_feature_outside_reference_quantile_interval
E301,0,0,0,0,False,attachment1_123_only,any_primary_feature_outside_reference_quantile_interval
E302,0,0,0,0,False,attachment1_123_only,any_primary_feature_outside_reference_quantile_interval
E303,0,0,0,0,False,attachment1_123_only,any_primary_feature_outside_reference_quantile_interval
E304,0,0,0,0,False,attachment1_123_only,any_primary_feature_outside_reference_quantile_interval
E305,0,0,0,0,False,attachment1_123_only,any_primary_feature_outside_reference_quantile_interval
E306,0,0,0,0,False,attachment1_123_only,any_primary_feature_outside_reference_quantile_interval
E307,0,0,0,0,False,attachment1_123_only,any_primary_feature_outside_reference_quantile_interval
E308,1,0.06666666667,0,0.003988528103,True,attachment1_123_only,any_primary_feature_outside_reference_quantile_interval
E309,0,0,0,0,False,attachment1_123_only,any_primary_feature_outside_reference_quantile_interval
E310,0,0,0,0,False,attachment1_123_only,any_primary_feature_outside_reference_quantile_interval
E311,0,0,0,0,False,attachment1_123_only,any_primary_feature_outside_reference_quantile_interval
E312,1,0.06666666667,0,0.068142521,True,attachment1_123_only,any_primary_feature_outside_reference_quantile_interval
E313,0,0,0,0,False,attachment1_123_only,any_primary_feature_outside_reference_quantile_interval
E314,0,0,0,0,False,attachment1_123_only,any_primary_feature_outside_reference_quantile_interval
E315,0,0,0,0,False,attachment1_123_only,any_primary_feature_outside_reference_quantile_interval
E316,0,0,0,0,False,attachment1_123_only,any_primary_feature_outside_reference_quantile_interval
E317,0,0,0,0,False,attachment1_123_only,any_primary_feature_outside_reference_quantile_interval
E318,1,0.06666666667,0,0.0008786861776,True,attachment1_123_only,any_primary_feature_outside_reference_quantile_interval
E319,0,0,0,0,False,attachment1_123_only,any_primary_feature_outside_reference_quantile_interval
E320,0,0,0,0,False,attachment1_123_only,any_primary_feature_outside_reference_quantile_interval
E321,0,0,0,0,False,attachment1_123_only,any_primary_feature_outside_reference_quantile_interval
E322,0,0,0,0,False,attachment1_123_only,any_primary_feature_outside_reference_quantile_interval
E323,0,0,0,0,False,attachment1_123_only,any_primary_feature_outside_reference_quantile_interval
E324,1,0.06666666667,0,0.08034914166,True,attachment1_123_only,any_primary_feature_outside_reference_quantile_interval
E325,0,0,0,0,False,attachment1_123_only,any_primary_feature_outside_reference_quantile_interval
E326,0,0,0,0,False,attachment1_123_only,any_primary_feature_outside_reference_quantile_interval
E327,0,0,0,0,False,attachment1_123_only,any_primary_feature_outside_reference_quantile_interval
E328,0,0,0,0,False,attachment1_123_only,any_primary_feature_outside_reference_quantile_interval
E329,1,0.06666666667,0,3.217132545e-05,True,attachment1_123_only,any_primary_feature_outside_reference_quantile_interval
E330,0,0,0,0,False,attachment1_123_only,any_primary_feature_outside_reference_quantile_interval
E331,0,0,0,0,False,attachment1_123_only,any_primary_feature_outside_reference_quantile_interval
E332,1,0.06666666667,0,0.01802438183,True,attachment1_123_only,any_primary_feature_outside_reference_quantile_interval
E333,0,0,0,0,False,attachment1_123_only,any_primary_feature_outside_reference_quantile_interval
E334,0,0,0,0,False,attachment1_123_only,any_primary_feature_outside_reference_quantile_interval
E335,0,0,0,0,False,attachment1_123_only,any_primary_feature_outside_reference_quantile_interval
E336,1,0.06666666667,0,0.1548619057,True,attachment1_123_only,any_primary_feature_outside_reference_quantile_interval
E337,0,0,0,0,False,attachment1_123_only,any_primary_feature_outside_reference_quantile_interval
E338,0,0,0,0,False,attachment1_123_only,any_primary_feature_outside_reference_quantile_interval
E339,0,0,0,0,False,attachment1_123_only,any_primary_feature_outside_reference_quantile_interval
E340,0,0,0,0,False,attachment1_123_only,any_primary_feature_outside_reference_quantile_interval
E341,0,0,0,0,False,attachment1_123_only,any_primary_feature_outside_reference_quantile_interval
E342,0,0,0,0,False,attachment1_123_only,any_primary_feature_outside_reference_quantile_interval
E343,1,0.06666666667,0,1.333946815e-05,True,attachment1_123_only,any_primary_feature_outside_reference_quantile_interval
E344,0,0,0,0,False,attachment1_123_only,any_primary_feature_outside_reference_quantile_interval
E345,0,0,0,0,False,attachment1_123_only,any_primary_feature_outside_reference_quantile_interval
E346,0,0,0,0,False,attachment1_123_only,any_primary_feature_outside_reference_quantile_interval
E347,0,0,0,0,False,attachment1_123_only,any_primary_feature_outside_reference_quantile_interval
E348,0,0,0,0,False,attachment1_123_only,any_primary_feature_outside_reference_quantile_interval
E349,1,0.06666666667,0,0.0175100672,True,attachment1_123_only,any_primary_feature_outside_reference_quantile_interval
E350,0,0,0,0,False,attachment1_123_only,any_primary_feature_outside_reference_quantile_interval
E351,0,0,0,0,False,attachment1_123_only,any_primary_feature_outside_reference_quantile_interval
E352,0,0,0,0,False,attachment1_123_only,any_primary_feature_outside_reference_quantile_interval
E353,0,0,0,0,False,attachment1_123_only,any_primary_feature_outside_reference_quantile_interval
E354,0,0,0,0,False,attachment1_123_only,any_primary_feature_outside_reference_quantile_interval
E355,0,0,0,0,False,attachment1_123_only,any_primary_feature_outside_reference_quantile_interval
E356,0,0,0,0,False,attachment1_123_only,any_primary_feature_outside_reference_quantile_interval
E357,0,0,0,0,False,attachment1_123_only,any_primary_feature_outside_reference_quantile_interval
E358,2,0.1333333333,0,1.59629952e-05,True,attachment1_123_only,any_primary_feature_outside_reference_quantile_interval
E359,1,0.06666666667,0,1.278471425e-07,True,attachment1_123_only,any_primary_feature_outside_reference_quantile_interval
E360,2,0.1333333333,0,0.1428571429,True,attachment1_123_only,any_primary_feature_outside_reference_quantile_interval
E361,0,0,0,0,False,attachment1_123_only,any_primary_feature_outside_reference_quantile_interval
E362,0,0,0,0,False,attachment1_123_only,any_primary_feature_outside_reference_quantile_interval
E363,0,0,0,0,False,attachment1_123_only,any_primary_feature_outside_reference_quantile_interval
E364,0,0,0,0,False,attachment1_123_only,any_primary_feature_outside_reference_quantile_interval
E365,0,0,0,0,False,attachment1_123_only,any_primary_feature_outside_reference_quantile_interval
E366,0,0,0,0,False,attachment1_123_only,any_primary_feature_outside_reference_quantile_interval
E367,0,0,0,0,False,attachment1_123_only,any_primary_feature_outside_reference_quantile_interval
E368,0,0,0,0,False,attachment1_123_only,any_primary_feature_outside_reference_quantile_interval
E369,0,0,0,0,False,attachment1_123_only,any_primary_feature_outside_reference_quantile_interval
E370,1,0.06666666667,0,5.301037344e-06,True,attachment1_123_only,any_primary_feature_outside_reference_quantile_interval
E371,0,0,0,0,False,attachment1_123_only,any_primary_feature_outside_reference_quantile_interval
E372,0,0,0,0,False,attachment1_123_only,any_primary_feature_outside_reference_quantile_interval
E373,1,0.06666666667,0,0.49627877,True,attachment1_123_only,any_primary_feature_outside_reference_quantile_interval
E374,0,0,0,0,False,attachment1_123_only,any_primary_feature_outside_reference_quantile_interval
E375,1,0.06666666667,0,1.278471425e-07,True,attachment1_123_only,any_primary_feature_outside_reference_quantile_interval
E376,0,0,0,0,False,attachment1_123_only,any_primary_feature_outside_reference_quantile_interval
E377,0,0,0,0,False,attachment1_123_only,any_primary_feature_outside_reference_quantile_interval
E378,0,0,0,0,False,attachment1_123_only,any_primary_feature_outside_reference_quantile_interval
E379,0,0,0,0,False,attachment1_123_only,any_primary_feature_outside_reference_quantile_interval
E380,2,0.1333333333,0,4.682387553e-06,True,attachment1_123_only,any_primary_feature_outside_reference_quantile_interval
E381,2,0.1333333333,0,3.958201487,True,attachment1_123_only,any_primary_feature_outside_reference_quantile_interval
E382,1,0.06666666667,0,0.0175100672,True,attachment1_123_only,any_primary_feature_outside_reference_quantile_interval
E383,0,0,0,0,False,attachment1_123_only,any_primary_feature_outside_reference_quantile_interval
E384,0,0,0,0,False,attachment1_123_only,any_primary_feature_outside_reference_quantile_interval
E385,0,0,0,0,False,attachment1_123_only,any_primary_feature_outside_reference_quantile_interval
E386,0,0,0,0,False,attachment1_123_only,any_primary_feature_outside_reference_quantile_interval
E387,0,0,0,0,False,attachment1_123_only,any_primary_feature_outside_reference_quantile_interval
E388,0,0,0,0,False,attachment1_123_only,any_primary_feature_outside_reference_quantile_interval
E389,0,0,0,0,False,attachment1_123_only,any_primary_feature_outside_reference_quantile_interval
E390,3,0.2,0,0.0175100672,True,attachment1_123_only,any_primary_feature_outside_reference_quantile_interval
E391,0,0,0,0,False,attachment1_123_only,any_primary_feature_outside_reference_quantile_interval
E392,0,0,0,0,False,attachment1_123_only,any_primary_feature_outside_reference_quantile_interval
E393,0,0,0,0,False,attachment1_123_only,any_primary_feature_outside_reference_quantile_interval
E394,0,0,0,0,False,attachment1_123_only,any_primary_feature_outside_reference_quantile_interval
E395,0,0,0,0,False,attachment1_123_only,any_primary_feature_outside_reference_quantile_interval
E396,0,0,0,0,False,attachment1_123_only,any_primary_feature_outside_reference_quantile_interval
E397,0,0,0,0,False,attachment1_123_only,any_primary_feature_outside_reference_quantile_interval
E398,1,0.06666666667,0,0.001445271987,True,attachment1_123_only,any_primary_feature_outside_reference_quantile_interval
E399,0,0,0,0,False,attachment1_123_only,any_primary_feature_outside_reference_quantile_interval
E400,0,0,0,0,False,attachment1_123_only,any_primary_feature_outside_reference_quantile_interval
E401,0,0,0,0,False,attachment1_123_only,any_primary_feature_outside_reference_quantile_interval
E402,0,0,0,0,False,attachment1_123_only,any_primary_feature_outside_reference_quantile_interval
E403,0,0,0,0,False,attachment1_123_only,any_primary_feature_outside_reference_quantile_interval
E404,0,0,0,0,False,attachment1_123_only,any_primary_feature_outside_reference_quantile_interval
E405,0,0,0,0,False,attachment1_123_only,any_primary_feature_outside_reference_quantile_interval
E406,0,0,0,0,False,attachment1_123_only,any_primary_feature_outside_reference_quantile_interval
E407,0,0,0,0,False,attachment1_123_only,any_primary_feature_outside_reference_quantile_interval
E408,0,0,0,0,False,attachment1_123_only,any_primary_feature_outside_reference_quantile_interval
E409,0,0,0,0,False,attachment1_123_only,any_primary_feature_outside_reference_quantile_interval
E410,1,0.06666666667,0,0.002196841354,True,attachment1_123_only,any_primary_feature_outside_reference_quantile_interval
E411,0,0,0,0,False,attachment1_123_only,any_primary_feature_outside_reference_quantile_interval
E412,0,0,0,0,False,attachment1_123_only,any_primary_feature_outside_reference_quantile_interval
E413,0,0,0,0,False,attachment1_123_only,any_primary_feature_outside_reference_quantile_interval
E414,1,0.06666666667,0,0.0001679244138,True,attachment1_123_only,any_primary_feature_outside_reference_quantile_interval
E415,1,0.06666666667,0,0.0175100672,True,attachment1_123_only,any_primary_feature_outside_reference_quantile_interval
E416,0,0,0,0,False,attachment1_123_only,any_primary_feature_outside_reference_quantile_interval
E417,0,0,0,0,False,attachment1_123_only,any_primary_feature_outside_reference_quantile_interval
E418,0,0,0,0,False,attachment1_123_only,any_primary_feature_outside_reference_quantile_interval
E419,2,0.1333333333,0,20.26117994,True,attachment1_123_only,any_primary_feature_outside_reference_quantile_interval
E420,1,0.06666666667,0,1.549250931,True,attachment1_123_only,any_primary_feature_outside_reference_quantile_interval
E421,1,0.06666666667,0,0.005636042769,True,attachment1_123_only,any_primary_feature_outside_reference_quantile_interval
E422,1,0.06666666667,0,1.628369138e-05,True,attachment1_123_only,any_primary_feature_outside_reference_quantile_interval
E423,0,0,0,0,False,attachment1_123_only,any_primary_feature_outside_reference_quantile_interval
E424,1,0.06666666667,0,0.3063092507,True,attachment1_123_only,any_primary_feature_outside_reference_quantile_interval
E425,1,0.06666666667,0,0.02730452726,True,attachment1_123_only,any_primary_feature_outside_reference_quantile_interval
