split_id,firm,y_true,rating,p_a,p_b
1,E1,0,A,0.033332335992727447,0.09895295050178445
1,E106,0,B,0.3142631784982883,0.07212805275106957
1,E113,1,D,0.8723329329414719,0.8151142897839792
1,E117,1,D,0.7428005378178411,0.8151142897839792
1,E120,1,D,0.9762039366688605,0.8151142897839792
1,E121,1,D,0.6578782178191692,0.8151142897839792
1,E16,0,A,0.1352211278531878,0.04332515474999784
1,E18,0,A,0.13390583140496276,0.04332515474999784
1,E19,0,A,0.07748817628757097,0.04027265773622726
1,E21,0,B,0.0780436971273033,0.06357509201665612
1,E22,0,A,0.09162188849209345,0.04027265773622726
1,E27,0,A,0.1176326892749618,0.05918413803491086
1,E30,0,B,0.12378543745196079,0.06825582100469435
1,E31,0,A,0.09201593421028233,0.05918413803491086
1,E32,0,B,0.19364835212992024,0.04027265773622726
1,E48,0,A,0.12128711351854586,0.05918413803491086
1,E54,0,A,0.09598696600890885,0.04027265773622726
1,E61,0,B,0.10591458930564154,0.05918413803491086
1,E62,0,B,0.22730500626329167,0.04027265773622726
1,E64,0,A,0.14276286591369436,0.04027265773622726
1,E76,0,B,0.23177369640837944,0.04027265773622726
1,E79,0,B,0.30995437932415604,0.07212805275106957
1,E8,0,A,0.058332310596790976,0.04027265773622726
1,E82,1,D,0.37423463368558846,0.8151142897839792
1,E98,0,B,0.2649777012025811,0.07212805275106957
2,E102,1,D,0.6277510468145027,0.8129138906986427
2,E104,0,C,0.44246091798660575,0.14217156872249542
2,E109,1,D,0.5548607852701005,0.8129138906986427
2,E112,1,D,0.6057710806669035,0.8129138906986427
2,E114,1,D,0.6176425624557353,0.8129138906986427
2,E14,0,C,0.13336873280455605,0.038169590042746934
2,E20,0,B,0.10989743661387325,0.04919636405172629
2,E3,0,C,0.0663325892382614,0.038169590042746934
2,E36,1,D,0.18427213470622741,0.8129138906986427
2,E40,0,C,0.16673583733171463,0.038169590042746934
2,E42,0,A,0.24080359151998454,0.08048500299651137
2,E43,0,B,0.31110520465755526,0.10243433660188786
2,E44,0,C,0.12230708037306688,0.038169590042746934
2,E47,0,C,0.15383797747667805,0.038169590042746934
2,E53,0,C,0.14176888808633803,0.04919636405172629
2,E56,0,C,0.21846261281874116,0.038169590042746934
2,E67,0,B,0.33881714760517395,0.038169590042746934
2,E75,0,C,0.12678698619267664,0.038169590042746934
2,E83,0,B,0.2933723577989406,0.038169590042746934
2,E87,1,C,0.5019152702631475,0.07961368752317831
2,E88,0,A,0.28824840677138674,0.038169590042746934
2,E91,0,A,0.33698530266944715,0.06988916723896146
2,E92,0,C,0.48244221007872534,0.07961368752317831
2,E93,0,B,0.38750167228748955,0.06988916723896146
2,E96,0,C,0.504605321020184,0.14217156872249542
3,E10,0,B,0.07248982902257409,0.056303538624139525
3,E103,1,D,0.4455900516586759,0.8205480354351394
3,E11,0,C,0.08325435323610905,0.04738059652623496
3,E115,1,D,0.7727363815259225,0.8205480354351394
3,E118,1,D,0.5602428111368539,0.8205480354351394
3,E12,0,B,0.09050132051712001,0.04999064758215062
3,E13,0,A,0.09482644946723937,0.04425394113069248
3,E28,0,B,0.0708036435701913,0.04738059652623496
3,E29,1,C,0.08716980330444687,0.060217371494270415
3,E39,0,C,0.12495189633085585,0.047343211837252264
3,E4,0,C,0.03763161265485047,0.049303604989467294
3,E45,1,B,0.0951817202191423,0.04027891852552034
3,E5,0,B,0.054142574021621766,0.04027891852552034
3,E57,0,B,0.08218553220125267,0.04027891852552034
3,E59,0,A,0.09399517444377516,0.04675558496584277
3,E60,0,B,0.17638396174696397,0.047318082274731305
3,E63,0,B,0.11409416793800026,0.04731969074955704
3,E70,0,B,0.16283313570050656,0.04254896216069975
3,E71,0,B,0.14169747341115674,0.05637483365490384
3,E73,0,C,0.1685129231416122,0.04924697262508638
3,E84,0,A,0.1507912057037772,0.04027891852552034
3,E85,0,B,0.19779929622544648,0.0527134316076229
3,E95,0,B,0.11142813683616958,0.046106590288379413
3,E97,0,B,0.18901482911346495,0.043690072876651546
3,E99,1,D,0.6354435449744352,0.8205480354351394
4,E101,1,D,0.9133684909938422,0.8146311734329339
4,E107,1,D,0.4627814544608519,0.8146311734329339
4,E110,0,C,0.6140761557358242,0.15417630378905778
4,E119,1,D,0.7871793591393503,0.8146311734329339
4,E123,1,D,0.7792847587801905,0.8146311734329339
4,E15,0,A,0.091079863774426,0.06220442437308737
4,E17,0,A,0.13400848363465623,0.0392657137321108
4,E23,0,B,0.08752458249557286,0.05836983611115875
4,E37,0,B,0.13483173681321842,0.0392657137321108
4,E41,0,C,0.20186208911594328,0.0392657137321108
4,E46,0,C,0.2235204194899771,0.0392657137321108
4,E51,0,B,0.12582361993968394,0.0392657137321108
4,E52,1,D,0.22421479806547448,0.8146311734329339
4,E55,0,C,0.21271663595194945,0.0392657137321108
4,E58,0,B,0.25567685011252284,0.04755263402791094
4,E6,0,A,0.12767370348347917,0.0392657137321108
4,E65,0,B,0.31895788109845397,0.05618855147799662
4,E69,0,C,0.040538139969678574,0.10185537851411784
4,E7,0,A,0.08647083535300339,0.05836983611115875
4,E72,0,C,0.37900507710788967,0.09373856616823432
4,E80,0,C,0.40582478332640515,0.18454847110925537
4,E81,0,A,0.32287177093785846,0.05618855147799662
4,E9,0,A,0.1212612446788345,0.05836983611115875
4,E94,0,C,0.2770348749323125,0.05567754895870324
5,E100,1,D,0.24772926318781613,0.8146311734329339
5,E105,0,C,0.3210985425268172,0.20564112106189095
5,E108,1,D,0.6589839892862147,0.8146311734329339
5,E111,1,D,0.26283811270957325,0.8146311734329339
5,E116,1,D,0.5189479997464383,0.8146311734329339
5,E122,1,D,0.4332481779389894,0.8146311734329339
5,E2,0,A,0.06327121787156392,0.03797062571557737
5,E24,0,A,0.1837245305546776,0.03797062571557737
5,E25,0,C,0.21283303569181913,0.03797062571557737
5,E26,0,A,0.374635194301215,0.03797062571557737
5,E33,0,B,0.18365668441136557,0.03797062571557737
5,E34,0,B,0.18256049248427067,0.03797062571557737
5,E35,0,B,0.13385290775206649,0.04717975178436142
5,E38,0,B,0.2568368713125149,0.03797062571557737
5,E49,0,C,0.2812509068382277,0.03797062571557737
5,E50,0,C,0.23406918778744115,0.08975918372975153
5,E66,0,B,0.25549688027468276,0.07686739118615009
5,E68,0,C,0.43276830606239736,0.19638217147355252
5,E74,0,B,0.14673941665077622,0.07686739118615009
5,E77,0,C,0.2989318058016681,0.2346406031684303
5,E78,0,C,0.3436755291821004,0.17105431391566006
5,E86,0,C,0.09210935518285701,0.19638217147355252
5,E89,0,A,0.5122070187188328,0.10929683271384884
5,E90,0,C,0.434750058354024,0.03797062571557737
6,E106,0,B,0.42823820088407016,0.06896887397698308
6,E113,1,D,0.9389600648368643,0.8226084027411831
6,E13,0,A,0.13722942407679506,0.039652470138389836
6,E18,0,A,0.18504496218073793,0.05638455415306501
6,E19,0,A,0.12228662572051621,0.039652470138389836
6,E20,0,B,0.10853510260891608,0.05638455415306501
6,E25,0,C,0.21820375788449753,0.039652470138389836
6,E32,0,B,0.2746100535951368,0.039652470138389836
6,E34,0,B,0.16474649585765047,0.05638455415306501
6,E36,1,D,0.1709592410146461,0.8226084027411831
6,E52,1,D,0.27431875404079326,0.8226084027411831
6,E57,0,B,0.16682497291351175,0.05638455415306501
6,E60,0,B,0.38777686862090205,0.07375705314719715
6,E63,0,B,0.25814707377219653,0.07375705314719715
6,E68,0,C,0.4706241306345764,0.12500599274520335
6,E70,0,B,0.36845789152578556,0.039652470138389836
6,E71,0,B,0.2778085715022903,0.06896887397698308
6,E74,0,B,0.16096275608881638,0.07375705314719715
6,E81,0,A,0.2715227708642614,0.039652470138389836
6,E82,1,D,0.4495253993801286,0.8226084027411831
6,E84,0,A,0.2648407196779305,0.039652470138389836
6,E87,1,C,0.4657259028933311,0.06896887397698308
6,E88,0,A,0.3158079812038696,0.039652470138389836
6,E89,0,A,0.4488647955915352,0.06896887397698308
6,E90,0,C,0.43588333431034243,0.039652470138389836
7,E100,1,D,0.4811277297610521,0.8045471803450742
7,E101,1,D,0.8300178300718857,0.8045471803450742
7,E107,1,D,0.5047333896863686,0.8045471803450742
7,E11,0,C,0.1681091195175945,0.1395851249398101
7,E112,1,D,0.6008898696748725,0.8045471803450742
7,E114,1,D,0.6863894942596771,0.8045471803450742
7,E121,1,D,0.5975585821896546,0.8045471803450742
7,E15,0,A,0.10237437567102906,0.03811292811144092
7,E26,0,A,0.26756941023722214,0.03811292811144092
7,E27,0,A,0.24388288135599626,0.05904259759280941
7,E31,0,A,0.14007599356661224,0.05904259759280941
7,E35,0,B,0.111038478905206,0.05904259759280941
7,E39,0,C,0.31969500831196823,0.0640335836776758
7,E4,0,C,0.13463448772707493,0.03811292811144092
7,E51,0,B,0.10181920788668758,0.03811292811144092
7,E56,0,C,0.18644786087592757,0.03811292811144092
7,E6,0,A,0.13061952584833053,0.03811292811144092
7,E64,0,A,0.14662923296182895,0.03811292811144092
7,E66,0,B,0.2482395629947651,0.0640335836776758
7,E76,0,B,0.2829159072931149,0.03811292811144092
7,E77,0,C,0.21628982705248892,0.21025996226342242
7,E78,0,C,0.22210498177116392,0.061056101208339514
7,E83,0,B,0.35886481771178463,0.03811292811144092
7,E85,0,B,0.29903148445117167,0.03811292811144092
7,E98,0,B,0.2668553434208382,0.061056101208339514
8,E10,0,B,0.08264925572465855,0.04331473753115473
8,E102,1,D,0.6803228980830213,0.8129138906986427
8,E110,0,C,0.499826335692066,0.0775496913415797
8,E116,1,D,0.5190322424300234,0.8129138906986427
8,E118,1,D,0.4773648211729239,0.8129138906986427
8,E12,0,B,0.12936328758722287,0.07165697003240955
8,E120,1,D,0.9945546929742256,0.8129138906986427
8,E122,1,D,0.6329372547851783,0.8129138906986427
8,E17,0,A,0.10934061169186027,0.037471309888815175
8,E21,0,B,0.052095799398235304,0.05677339384145386
8,E22,0,A,0.0977560960044317,0.037471309888815175
8,E23,0,B,0.05745797558350677,0.05677339384145386
8,E3,0,C,0.03910400782744931,0.0654222762716428
8,E37,0,B,0.07664547682310051,0.037471309888815175
8,E38,0,B,0.12414138779946343,0.057898430368731525
8,E41,0,C,0.12654481341987397,0.057898430368731525
8,E44,0,C,0.11740971517150905,0.057898430368731525
8,E45,1,B,0.10623263829044195,0.037471309888815175
8,E48,0,A,0.1075933146304248,0.037471309888815175
8,E53,0,C,0.1844937112425241,0.037471309888815175
8,E58,0,B,0.16162529161680955,0.037471309888815175
8,E67,0,B,0.16349255547563962,0.037471309888815175
8,E72,0,C,0.5932546971083938,0.0534324221546571
8,E75,0,C,0.09927192606343649,0.04331473753115473
8,E91,0,A,0.2511497482417538,0.03927175418096437
9,E108,1,D,0.8213976510708202,0.8146311734329339
9,E115,1,D,0.7945178401891458,0.8146311734329339
9,E119,1,D,0.8249384981502814,0.8146311734329339
9,E123,1,D,0.8137500356293667,0.8146311734329339
9,E14,0,C,0.13543023718851416,0.03933683068039432
9,E16,0,A,0.15602072609240064,0.039873379402783515
9,E2,0,A,0.05914215166864261,0.03880324749824003
9,E24,0,A,0.16142905978074343,0.039873379402783515
9,E33,0,B,0.15711131925876795,0.039873379402783515
9,E42,0,A,0.19940766461743675,0.10762255655680027
9,E43,0,B,0.23894423592074743,0.11237451541007812
9,E46,0,C,0.2044001822920739,0.039873379402783515
9,E5,0,B,0.11977031771073278,0.047463800720288975
9,E54,0,A,0.19675546892955917,0.03880324749824003
9,E55,0,C,0.28188141131098293,0.039873379402783515
9,E62,0,B,0.2608467388146639,0.039873379402783515
9,E69,0,C,0.0326052817686632,0.1095806570179252
9,E73,0,C,0.38623656725250555,0.08954433001213952
9,E79,0,B,0.39002777151124474,0.07242963763673951
9,E8,0,A,0.07761306291330587,0.03880324749824003
9,E80,0,C,0.5249269864406374,0.1932373264998599
9,E92,0,C,0.5101286596797332,0.17085011955947016
9,E96,0,C,0.4255901230392683,0.1967091490243329
9,E99,1,D,0.7417751959553728,0.8146311734329339
10,E1,0,A,0.027266679635302552,0.07968249898496332
10,E103,1,D,0.4314314091411484,0.8228291844595169
10,E104,0,C,0.3192855312612483,0.12381369506667851
10,E105,0,C,0.3339202405418207,0.1693445957063342
10,E109,1,D,0.4253871397684404,0.8228291844595169
10,E111,1,D,0.497781349885325,0.8228291844595169
10,E117,1,D,0.7196683030887255,0.8228291844595169
10,E28,0,B,0.06860039939090479,0.03906630955531255
10,E29,1,C,0.10692837520451828,0.11711922796481619
10,E30,0,B,0.08406796444680069,0.05013449351401838
10,E40,0,C,0.09857722904990726,0.03906630955531255
10,E47,0,C,0.07349825837655524,0.060370693029553335
10,E49,0,C,0.11014134204943404,0.03906630955531255
10,E50,0,C,0.15862654459230519,0.08052483363484435
10,E59,0,A,0.09664472512222073,0.060370693029553335
10,E61,0,B,0.09365390144470474,0.060370693029553335
10,E65,0,B,0.1498868350482165,0.03906630955531255
10,E7,0,A,0.033338998267353766,0.060370693029553335
10,E86,0,C,0.27076347761019676,0.08533036196146267
10,E9,0,A,0.03603552852769223,0.060370693029553335
10,E93,0,B,0.25090652848312356,0.13571878754864672
10,E94,0,C,0.191851635383212,0.09038225682666269
10,E95,0,B,0.11881188132735197,0.09760519148656487
10,E97,0,B,0.24788541262383598,0.1825542007460204
11,E1,0,A,0.22700895734072676,0.13257219014112975
11,E10,0,B,0.34291244980113766,0.03922236684603399
11,E105,0,C,0.4941442631445759,0.19330358136987189
11,E107,1,D,0.5823298800553065,0.8151142897839792
11,E11,0,C,0.20562906333996872,0.14721122205133966
11,E113,1,D,0.8445822156536188,0.8151142897839792
11,E122,1,D,0.6150222020823886,0.8151142897839792
11,E123,1,D,0.8210352632157302,0.8151142897839792
11,E16,0,A,0.33442984154096317,0.03922236684603399
11,E19,0,A,0.3069586512944697,0.03922236684603399
11,E21,0,B,0.23419369758710112,0.06639369402056862
11,E34,0,B,0.2439732570832261,0.03922236684603399
11,E35,0,B,0.24166250109304774,0.06639369402056862
11,E36,1,D,0.272655057921394,0.8151142897839792
11,E37,0,B,0.30892369630764505,0.03922236684603399
11,E62,0,B,0.34709191871912853,0.03922236684603399
11,E66,0,B,0.3784947696200977,0.08065741925067081
11,E69,0,C,0.09337632148584174,0.09015970180451507
11,E75,0,C,0.20555223314765425,0.03922236684603399
11,E83,0,B,0.48111816108069233,0.03922236684603399
11,E9,0,A,0.2620876077183318,0.06639369402056862
11,E90,0,C,0.45339224564496633,0.03922236684603399
11,E94,0,C,0.40605506367703403,0.060155794016341003
11,E95,0,B,0.3982051811377611,0.06639369402056862
11,E98,0,B,0.4510453421915967,0.060155794016341003
12,E101,1,D,0.8964642463993022,0.8129138906986427
12,E102,1,D,0.7109569351128843,0.8129138906986427
12,E109,1,D,0.46023348268570025,0.8129138906986427
12,E118,1,D,0.5919213068558082,0.8129138906986427
12,E120,1,D,0.9849687026577151,0.8129138906986427
12,E17,0,A,0.08792028646319837,0.037244883528039945
12,E20,0,B,0.09020178213115079,0.08113957307363903
12,E22,0,A,0.0782957621449972,0.037244883528039945
12,E23,0,B,0.05568613071806926,0.057357344591814845
12,E3,0,C,0.04237678019787922,0.057357344591814845
12,E45,1,B,0.109976561126491,0.045040246792962944
12,E46,0,C,0.10449247979426281,0.037244883528039945
12,E55,0,C,0.33758616837205396,0.037244883528039945
12,E58,0,B,0.11020041184142375,0.037244883528039945
12,E63,0,B,0.17673782640640998,0.05348751766065885
12,E64,0,A,0.14279309416793318,0.07579420561799538
12,E67,0,B,0.15737346316292142,0.037244883528039945
12,E68,0,C,0.48397175967641126,0.09412616579426528
12,E71,0,B,0.2073207051787187,0.10506417289743175
12,E76,0,B,0.19141779831529385,0.05348751766065885
12,E80,0,C,0.420538823123865,0.14557245704903338
12,E89,0,A,0.3584497671815475,0.13831645203820025
12,E92,0,C,0.38628288470208044,0.06681431202586395
12,E93,0,B,0.23761627152785694,0.06532642440981067
12,E97,0,B,0.21075560282689787,0.06906029220597874
13,E103,1,D,0.4950804624855105,0.8129138906986427
13,E110,0,C,0.4261417784596507,0.12505428544739694
13,E114,1,D,0.6076225996276832,0.8129138906986427
13,E115,1,D,0.8286085529927967,0.8129138906986427
13,E12,0,B,0.125227484815795,0.12251058803514066
13,E121,1,D,0.6539885124659593,0.8129138906986427
13,E2,0,A,0.036517551331795677,0.051786671919844346
13,E24,0,A,0.07106517126888237,0.03946580302582154
13,E26,0,A,0.1297226604186671,0.03946580302582154
13,E29,1,C,0.10944127029695656,0.11329179225078774
13,E30,0,B,0.10017665678645853,0.05513700375522056
13,E32,0,B,0.15782930468525305,0.051786671919844346
13,E4,0,C,0.044661367077662883,0.03946580302582154
13,E42,0,A,0.13430590456142674,0.10514320215150506
13,E5,0,B,0.06572103187734014,0.051786671919844346
13,E51,0,B,0.09438649478906733,0.03946580302582154
13,E60,0,B,0.18403490243618859,0.10514320215150506
13,E70,0,B,0.16694103789942516,0.051786671919844346
13,E74,0,B,0.15313784008621503,0.06127885919573527
13,E79,0,B,0.26290259207028405,0.06229699081146714
13,E8,0,A,0.04796850567351184,0.051786671919844346
13,E84,0,A,0.17318163476150064,0.03946580302582154
13,E86,0,C,0.2533559369666294,0.1451769810294703
13,E88,0,A,0.1930394947773919,0.03946580302582154
13,E99,1,D,0.7457381170448089,0.8129138906986427
14,E112,1,D,0.5902803324546063,0.8146311734329339
14,E116,1,D,0.5495784905421611,0.8146311734329339
14,E117,1,D,0.6850037304433122,0.8146311734329339
14,E13,0,A,0.11675467262868099,0.03997889289252356
14,E14,0,C,0.12452238889748296,0.03997889289252356
14,E25,0,C,0.2038320083476636,0.03997889289252356
14,E33,0,B,0.10699320760869946,0.04209442047654171
14,E38,0,B,0.21825750021622148,0.03997889289252356
14,E39,0,C,0.28224185687846093,0.06628192258210165
14,E40,0,C,0.15499707208333388,0.03997889289252356
14,E43,0,B,0.20435189354333735,0.10071296933656931
14,E44,0,C,0.12184279346633972,0.03997889289252356
14,E47,0,C,0.16365429036065016,0.051709172805032066
14,E50,0,C,0.2928077022164871,0.10159918479186732
14,E52,1,D,0.24553844022740606,0.8146311734329339
14,E53,0,C,0.1217509891560458,0.041703151548033106
14,E56,0,C,0.2027417188636099,0.03997889289252356
14,E6,0,A,0.10391634758783759,0.041703151548033106
14,E65,0,B,0.3088324127451806,0.049135225062131666
14,E7,0,A,0.0805852474065554,0.058358481812934966
14,E78,0,C,0.20716167302811117,0.06493770584087787
14,E81,0,A,0.28557855699770557,0.049135225062131666
14,E82,1,D,0.4535026385402448,0.8146311734329339
14,E85,0,B,0.349222477615513,0.03997889289252356
15,E100,1,D,0.28453871403623116,0.8221559064663143
15,E104,0,C,0.44683968456295814,0.1286298470482703
15,E106,0,B,0.19616091511535938,0.07684070000861455
15,E108,1,D,0.7494734645118568,0.8221559064663143
15,E111,1,D,0.39788856343943985,0.8221559064663143
15,E119,1,D,0.8745339842186953,0.8221559064663143
15,E15,0,A,0.08112069717123693,0.052314144002680085
15,E18,0,A,0.09335072180498143,0.052314144002680085
15,E27,0,A,0.13854194920825055,0.04104235220296753
15,E28,0,B,0.10245153500172102,0.052314144002680085
15,E31,0,A,0.0863476660970334,0.04104235220296753
15,E41,0,C,0.09595301787617327,0.038744090423941016
15,E48,0,A,0.0995209507273622,0.04104235220296753
15,E49,0,C,0.1148052698088104,0.038744090423941016
15,E54,0,A,0.08875669246892644,0.038744090423941016
15,E57,0,B,0.10487133975359327,0.052314144002680085
15,E59,0,A,0.09845555757678486,0.04104235220296753
15,E61,0,B,0.07515291490610976,0.04104235220296753
15,E72,0,C,0.5148905554113871,0.038744090423941016
15,E73,0,C,0.1335133252446672,0.08120790082523204
15,E77,0,C,0.22010172837470937,0.08120790082523204
15,E87,1,C,0.22870551679536352,0.08120790082523204
15,E91,0,A,0.1879201672752113,0.08120790082523204
15,E96,0,C,0.6511211865958115,0.1286298470482703
16,E10,0,B,0.0959438831402974,0.039983214296773525
16,E103,1,D,0.5285668590180906,0.8151142897839792
16,E108,1,D,0.8010967727763135,0.8151142897839792
16,E113,1,D,0.9096052788079583,0.8151142897839792
16,E120,1,D,0.9904454939685172,0.8151142897839792
16,E20,0,B,0.07147882956733187,0.057871058407102875
16,E22,0,A,0.06941737295008579,0.039983214296773525
16,E27,0,A,0.12305086764508558,0.0571031878976969
16,E30,0,B,0.10662549643911057,0.06699232903020425
16,E40,0,C,0.1410768384113905,0.039983214296773525
16,E48,0,A,0.08321028443535324,0.0571031878976969
16,E54,0,A,0.08025284338785317,0.039983214296773525
16,E60,0,B,0.17759856482665026,0.08921066016710086
16,E66,0,B,0.2482530386886395,0.06611192443118616
16,E67,0,B,0.16282922570767835,0.039983214296773525
16,E72,0,C,0.5164534531887296,0.05522022888488041
16,E74,0,B,0.1550759449126741,0.06611192443118616
16,E75,0,C,0.10811124306067742,0.0405307671501602
16,E76,0,B,0.17930961509361573,0.039983214296773525
16,E78,0,C,0.17105279640859866,0.06964164590994125
16,E83,0,B,0.2704871297951273,0.039983214296773525
16,E91,0,A,0.17078658426549462,0.09691476006742962
16,E94,0,C,0.2072920808627725,0.06872898908309377
16,E95,0,B,0.16061315490310935,0.057871058407102875
16,E99,1,D,0.7072296426192874,0.8151142897839792
17,E102,1,D,0.561091453326321,0.8129138906986427
17,E115,1,D,0.8138521185499434,0.8129138906986427
17,E12,0,B,0.26123095063348306,0.11897312761194273
17,E121,1,D,0.427556563382245,0.8129138906986427
17,E122,1,D,0.6288169079255161,0.8129138906986427
17,E123,1,D,0.8190317574252467,0.8129138906986427
17,E17,0,A,0.1475187087312704,0.05728266263568389
17,E26,0,A,0.19358781932799937,0.038289235039864505
17,E3,0,C,0.07395304850659834,0.038289235039864505
17,E31,0,A,0.12803836259259882,0.038289235039864505
17,E33,0,B,0.1339856815344151,0.038289235039864505
17,E41,0,C,0.19912452933689245,0.038289235039864505
17,E42,0,A,0.2227688398319451,0.08128854753658991
17,E50,0,C,0.32448143042723415,0.08128854753658991
17,E55,0,C,0.23697782408393436,0.038289235039864505
17,E57,0,B,0.1611812430683682,0.05728266263568389
17,E58,0,B,0.28552601345412015,0.0611622369070587
17,E61,0,B,0.12898089993062944,0.038289235039864505
17,E62,0,B,0.2766193458545754,0.038289235039864505
17,E68,0,C,0.42424979733877877,0.12190786683756226
17,E81,0,A,0.20338374527169484,0.038289235039864505
17,E85,0,B,0.3240798307474536,0.038289235039864505
17,E86,0,C,0.37691420021421246,0.11464566920308775
17,E87,1,C,0.407449122428618,0.07821012517572903
17,E93,0,B,0.31077362488565824,0.05879722425814047
18,E1,0,A,0.08476582198350496,0.08970132864875795
18,E101,1,D,0.8902234434847128,0.8129138906986427
18,E105,0,C,0.35688415304036414,0.13872497078880433
18,E107,1,D,0.4023511282482265,0.8129138906986427
18,E11,0,C,0.11599724321102378,0.09696941481725858
18,E118,1,D,0.6082130347911642,0.8129138906986427
18,E16,0,A,0.15584840656214577,0.039507596683678266
18,E2,0,A,0.05678423763798359,0.04290038282861496
18,E29,1,C,0.1667455763892895,0.13872497078880433
18,E34,0,B,0.13225198406610206,0.04290038282861496
18,E39,0,C,0.31614865767653333,0.06588192317634436
18,E4,0,C,0.10860364494475166,0.039507596683678266
18,E44,0,C,0.11881420584966847,0.039507596683678266
18,E49,0,C,0.2984509574213691,0.04290038282861496
18,E52,1,D,0.2253565342020463,0.8129138906986427
18,E53,0,C,0.12564130489828418,0.039507596683678266
18,E56,0,C,0.2302708508008518,0.04290038282861496
18,E65,0,B,0.31759956277457335,0.039507596683678266
18,E70,0,B,0.3712306361376802,0.04290038282861496
18,E73,0,C,0.45352690810371526,0.09285960384430589
18,E82,1,D,0.4793173030439277,0.8129138906986427
18,E84,0,A,0.27014409788305765,0.039507596683678266
18,E89,0,A,0.40166937973136674,0.0858702657975618
18,E9,0,A,0.12929223589148378,0.05434621678608793
18,E97,0,B,0.1831144337975818,0.13872497078880433
19,E104,0,C,0.42898167511903806,0.0642128821560243
19,E110,0,C,0.6401309331198992,0.05029509033357342
19,E114,1,D,0.6991820905546157,0.8221559064663143
19,E117,1,D,0.8056153883631965,0.8221559064663143
19,E119,1,D,0.82590559791985,0.8221559064663143
19,E13,0,A,0.10974680891677825,0.05445314727974087
19,E18,0,A,0.17256466483340796,0.03814364345862288
19,E19,0,A,0.06998845187964992,0.03814364345862288
19,E23,0,B,0.08880374531610637,0.054426546047042806
19,E24,0,A,0.13066129404389468,0.03814364345862288
19,E25,0,C,0.20463020427845804,0.03814364345862288
19,E32,0,B,0.24664825855807757,0.07011354450292542
19,E36,1,D,0.16069984160097273,0.8221559064663143
19,E43,0,B,0.30823151904812984,0.10830983090072513
19,E45,1,B,0.15825942062091664,0.03814364345862288
19,E46,0,C,0.17312671328464654,0.03814364345862288
19,E51,0,B,0.10695599216673024,0.03814364345862288
19,E63,0,B,0.24379506230269535,0.06004812766613508
19,E69,0,C,0.11356106085275776,0.09255341540658146
19,E71,0,B,0.2795181505919533,0.06768894890811336
19,E79,0,B,0.393931803341058,0.052628610729305934
19,E8,0,A,0.0687947244596552,0.03814364345862288
19,E92,0,C,0.4319479225761535,0.07722278041036618
19,E98,0,B,0.38094166336220825,0.03814364345862288
20,E100,1,D,0.25724516899837374,0.8146311734329339
20,E106,0,B,0.18868480748509048,0.07151157114096696
20,E109,1,D,0.4834916063748993,0.8146311734329339
20,E111,1,D,0.34309627041014357,0.8146311734329339
20,E112,1,D,0.6464593486670789,0.8146311734329339
20,E116,1,D,0.5455109102168384,0.8146311734329339
20,E14,0,C,0.0658212941170789,0.038129997504865266
20,E15,0,A,0.07408591362067371,0.044209259518975474
20,E21,0,B,0.06597649030577853,0.06256902239463356
20,E28,0,B,0.0938522562775583,0.044209259518975474
20,E35,0,B,0.08802651439695645,0.06256902239463356
20,E37,0,B,0.09065850376311396,0.038129997504865266
20,E38,0,B,0.12471751844884935,0.042312889057695174
20,E47,0,C,0.09972914038894454,0.06256902239463356
20,E5,0,B,0.06580397569365111,0.06256902239463356
20,E59,0,A,0.11781434919523126,0.06256902239463356
20,E6,0,A,0.06739044154192027,0.038129997504865266
20,E64,0,A,0.11086749088130547,0.044209259518975474
20,E7,0,A,0.019468455775565965,0.06256902239463356
20,E77,0,C,0.28180832239782694,0.22427645188881323
20,E80,0,C,0.509956652084647,0.19138530575149204
20,E88,0,A,0.1638334969402113,0.044209259518975474
20,E90,0,C,0.28063366688070096,0.044209259518975474
20,E96,0,C,0.7142285233735343,0.14654979524101067
21,E1,0,A,0.12500895264426154,0.10707091043816734
21,E108,1,D,0.7604531650170163,0.8151142897839792
21,E109,1,D,0.37093402860825875,0.8151142897839792
21,E112,1,D,0.6655600306575022,0.8151142897839792
21,E119,1,D,0.7613393264927264,0.8151142897839792
21,E16,0,A,0.1829134449675347,0.039671356074476985
21,E24,0,A,0.13703339431976783,0.039671356074476985
21,E26,0,A,0.2450276000212179,0.03911340717551383
21,E27,0,A,0.20850362982067003,0.06146061479001702
21,E32,0,B,0.23200393107773443,0.03911340717551383
21,E4,0,C,0.15922086561252113,0.039671356074476985
21,E41,0,C,0.1450822666466718,0.03911340717551383
21,E43,0,B,0.20987009006237486,0.1032120147121745
21,E54,0,A,0.15910535208113133,0.03911340717551383
21,E55,0,C,0.35738088972785,0.03911340717551383
21,E58,0,B,0.21832907305357083,0.06841957141852431
21,E59,0,A,0.16545047102431396,0.06146061479001702
21,E6,0,A,0.12480493334330932,0.039671356074476985
21,E61,0,B,0.1331019724570601,0.06146061479001702
21,E65,0,B,0.24701182950458675,0.03911340717551383
21,E69,0,C,0.07945814878133858,0.1018551958810746
21,E7,0,A,0.0901203465800275,0.062316670420797526
21,E78,0,C,0.2564224210739607,0.05727928214637301
21,E82,1,D,0.4041388126928328,0.8151142897839792
21,E97,0,B,0.20828037801993446,0.21403775741645154
22,E101,1,D,0.8698051159201926,0.8205480354351394
22,E104,0,C,0.4026470991772428,0.04670253966500677
22,E106,0,B,0.24837902949063234,0.044887059327757196
22,E118,1,D,0.48994461858765603,0.8205480354351394
22,E123,1,D,0.9568008803918502,0.8205480354351394
22,E15,0,A,0.04492990702947712,0.04863826136283244
22,E18,0,A,0.09900359345069082,0.04797457551990408
22,E20,0,B,0.05579826584231052,0.05412275111775746
22,E25,0,C,0.10263179539972325,0.0402949254921637
22,E28,0,B,0.06965630655620457,0.04863826136283244
22,E29,1,C,0.07997617564627789,0.05710551063238916
22,E31,0,A,0.049511154220056225,0.052026346604196166
22,E35,0,B,0.08015412217612074,0.04995837042759652
22,E36,1,D,0.11638864516649114,0.8205480354351394
22,E38,0,B,0.0986969253830627,0.04428228874623
22,E44,0,C,0.07591898033173636,0.04930104936931294
22,E45,1,B,0.10387110433273831,0.0402949254921637
22,E46,0,C,0.08184954659528056,0.044882998717812386
22,E48,0,A,0.08579293251445178,0.0402949254921637
22,E57,0,B,0.088561500207407,0.0402949254921637
22,E68,0,C,0.36604825190868906,0.0540808410680869
22,E72,0,C,0.5963385182422495,0.046696807055984495
22,E77,0,C,0.1602179178807311,0.05203269776908765
22,E79,0,B,0.2792910534669474,0.046696807055984495
22,E86,0,C,0.3470375667667839,0.047978901777683644
23,E103,1,D,0.5706774073505123,0.8045471803450742
23,E113,1,D,0.8678740758713722,0.8045471803450742
23,E115,1,D,0.7855117956905131,0.8045471803450742
23,E117,1,D,0.641537679153252,0.8045471803450742
23,E120,1,D,0.9508094415034113,0.8045471803450742
23,E122,1,D,0.614054215570165,0.8045471803450742
23,E17,0,A,0.11101416286125154,0.038207770738071925
23,E2,0,A,0.05399001600295977,0.038207770738071925
23,E3,0,C,0.0359829862134686,0.05424274663606069
23,E33,0,B,0.11010754865053121,0.038207770738071925
23,E34,0,B,0.16628694271216662,0.04419226803049351
23,E40,0,C,0.13890293610409063,0.038207770738071925
23,E56,0,C,0.1259203758363056,0.038207770738071925
23,E62,0,B,0.1891691547341121,0.04419226803049351
23,E64,0,A,0.16182371840411772,0.04419226803049351
23,E66,0,B,0.2983191376452314,0.050890196261425595
23,E67,0,B,0.22366648687882518,0.04419226803049351
23,E71,0,B,0.22686478976648802,0.1659477294366787
23,E85,0,B,0.22217343842221815,0.04419226803049351
23,E88,0,A,0.23371787967284333,0.04419226803049351
23,E89,0,A,0.4549859553677723,0.11397851528162178
23,E9,0,A,0.059079742617757135,0.05424274663606069
23,E95,0,B,0.14872541373909712,0.05424274663606069
23,E96,0,C,0.5074601930233366,0.1568360056175067
23,E98,0,B,0.2623885050562391,0.08181230943502972
24,E102,1,D,0.5905767314409976,0.8146311734329339
24,E105,0,C,0.5105449164344964,0.1510868820673808
24,E107,1,D,0.468850099912787,0.8146311734329339
24,E110,0,C,0.6923941737003095,0.16661199663585868
24,E111,1,D,0.28642332826101174,0.8146311734329339
24,E114,1,D,0.671364047918587,0.8146311734329339
24,E19,0,A,0.11465175669411283,0.038381708231367974
24,E21,0,B,0.10132795684348886,0.05559103978943094
24,E37,0,B,0.15239245688437164,0.038381708231367974
24,E42,0,A,0.28525690126341685,0.09683043776995921
24,E47,0,C,0.2199726403854192,0.05559103978943094
24,E49,0,C,0.3208572708336839,0.038381708231367974
24,E5,0,B,0.10259985311929096,0.05559103978943094
24,E52,1,D,0.1691234093470095,0.8146311734329339
24,E60,0,B,0.4125161318344176,0.09683043776995921
24,E63,0,B,0.30685041520071404,0.05914865774562001
24,E74,0,B,0.1791266580500952,0.06078402416490999
24,E75,0,C,0.15933005853874044,0.038381708231367974
24,E8,0,A,0.08596790665927537,0.038381708231367974
24,E80,0,C,0.5186055589510029,0.1576739874326462
24,E90,0,C,0.3088179277052412,0.03946698699864696
24,E92,0,C,0.4695740941320302,0.11263169870342098
24,E93,0,B,0.4105618346290852,0.09890776078188276
24,E94,0,C,0.3192001498268474,0.07116655507019617
25,E10,0,B,0.1287996451035963,0.06312668893649043
25,E100,1,D,0.4884105127712008,0.8221559064663143
25,E11,0,C,0.16295578372861358,0.1280833785528572
25,E116,1,D,0.5159333271334181,0.8221559064663143
25,E12,0,B,0.19571802413078665,0.12331182546398448
25,E121,1,D,0.6074358613474836,0.8221559064663143
25,E13,0,A,0.11873834149830435,0.03896336475712886
25,E14,0,C,0.07025015931302099,0.03896336475712886
25,E22,0,A,0.10651859681883154,0.03896336475712886
25,E23,0,B,0.07846462196311986,0.040622287479535744
25,E30,0,B,0.14667293762520095,0.12331182546398448
25,E39,0,C,0.22482618403975776,0.12331182546398448
25,E50,0,C,0.22538986558288662,0.07802985563790618
25,E51,0,B,0.09988912187267174,0.03896336475712886
25,E53,0,C,0.17365773353371483,0.06312668893649043
25,E70,0,B,0.18599864617409384,0.03896336475712886
25,E73,0,C,0.21429463294215476,0.05614686171904077
25,E76,0,B,0.18879945141596266,0.03896336475712886
25,E81,0,A,0.1872577356094548,0.040622287479535744
25,E83,0,B,0.20026639888734402,0.03896336475712886
25,E84,0,A,0.20938893536410427,0.03896336475712886
25,E87,1,C,0.2960370172668653,0.05614686171904077
25,E91,0,A,0.24366324298868447,0.05614686171904077
25,E99,1,D,0.7191162564372442,0.8221559064663143
26,E10,0,B,0.09647638362520565,0.041898655834500205
26,E102,1,D,0.7244572250952453,0.8151142897839792
26,E108,1,D,0.8469216576669117,0.8151142897839792
26,E110,0,C,0.44370223599038705,0.18018218819611928
26,E113,1,D,0.8944971994419364,0.8151142897839792
26,E115,1,D,0.8981567245566499,0.8151142897839792
26,E116,1,D,0.6069112621036163,0.8151142897839792
26,E17,0,A,0.08831197554254935,0.038995916160982115
26,E21,0,B,0.07995255488056274,0.05343076186724219
26,E3,0,C,0.05161324628059079,0.04977058051462863
26,E32,0,B,0.17321991445448978,0.041898655834500205
26,E34,0,B,0.13112375312229618,0.043094979790786025
26,E41,0,C,0.10515917248566292,0.038995916160982115
26,E42,0,A,0.20659053318221368,0.11025732806802634
26,E50,0,C,0.2906928649803595,0.11317492507034281
26,E57,0,B,0.11581773833979574,0.04011282876412496
26,E6,0,A,0.08155827899351602,0.038995916160982115
26,E63,0,B,0.1507577329417862,0.11025732806802634
26,E66,0,B,0.25099885022357193,0.08274078308044719
26,E72,0,C,0.529596641126604,0.06250800849961105
26,E77,0,C,0.3314250148394735,0.22609933038998795
26,E80,0,C,0.4747537822303631,0.12406443755517924
26,E83,0,B,0.3203799837177551,0.06080702081753695
26,E88,0,A,0.2027105113718607,0.043094979790786025
26,E96,0,C,0.7489719256584608,0.18456628762741584
27,E101,1,D,0.8266901466582071,0.8045471803450742
27,E103,1,D,0.5609551311759232,0.8045471803450742
27,E106,0,B,0.29141751849310144,0.06904914209243261
27,E120,1,D,0.985515046001496,0.8045471803450742
27,E121,1,D,0.5387522381660439,0.8045471803450742
27,E24,0,A,0.09373019380404098,0.03848874406974521
27,E25,0,C,0.13105263107723378,0.03848874406974521
27,E30,0,B,0.13693263815797602,0.053504228560378106
27,E31,0,A,0.08883948481856348,0.05836084782005905
27,E36,1,D,0.12053024767027608,0.8045471803450742
27,E38,0,B,0.1710062117405843,0.040686745268579766
27,E39,0,C,0.24889086889147227,0.056509332207244606
27,E4,0,C,0.11352347107472739,0.040686745268579766
27,E46,0,C,0.11571096881602838,0.03848874406974521
27,E53,0,C,0.1507078322042972,0.03848874406974521
27,E59,0,A,0.11891414129683932,0.05836084782005905
27,E65,0,B,0.15503196675913097,0.03848874406974521
27,E67,0,B,0.21947499052057107,0.040686745268579766
27,E69,0,C,0.053550012082612404,0.08283891513026014
27,E71,0,B,0.20815361355452394,0.15504029961639818
27,E75,0,C,0.06078362869928139,0.03848874406974521
27,E90,0,C,0.37808642555559047,0.040686745268579766
27,E93,0,B,0.30125603260875977,0.10300946009239421
27,E95,0,B,0.15921658998577073,0.05836084782005905
27,E99,1,D,0.5611216043345277,0.8045471803450742
28,E104,0,C,0.3118869288724056,0.05275625527074292
28,E105,0,C,0.29964532491880314,0.04869990469752963
28,E11,0,C,0.12168144856107059,0.04731838158838111
28,E111,1,D,0.4301913415093397,0.8205480354351394
28,E112,1,D,0.6104713334898689,0.8205480354351394
28,E117,1,D,0.655177008681441,0.8205480354351394
28,E118,1,D,0.572062830280987,0.8205480354351394
28,E12,0,B,0.19045732879183605,0.057683295332976135
28,E13,0,A,0.11037455147993701,0.04034398739578632
28,E16,0,A,0.12915264207927174,0.047327594794627
28,E28,0,B,0.13795322130730459,0.0425911381313482
28,E29,1,C,0.13593679000938536,0.04612430746579763
28,E37,0,B,0.10675942195761237,0.04552451266792075
28,E48,0,A,0.20547570259835676,0.0425911381313482
28,E49,0,C,0.24027579957091375,0.04034398739578632
28,E56,0,C,0.20826095017272975,0.04552451266792075
28,E61,0,B,0.13324932496577152,0.04034398739578632
28,E8,0,A,0.0854038324179776,0.04034398739578632
28,E85,0,B,0.34999510477743717,0.04034398739578632
28,E87,1,C,0.4481230490720441,0.0449195068235839
28,E89,0,A,0.405605452870801,0.05344612337699854
28,E91,0,A,0.3851129277599951,0.0449195068235839
28,E92,0,C,0.3997540273014132,0.047408922565457846
28,E94,0,C,0.2078397520804231,0.05138755568605337
28,E97,0,B,0.19028517196020414,0.05000079232571824
29,E114,1,D,0.6128187462805181,0.8146311734329339
29,E122,1,D,0.6184784227828224,0.8146311734329339
29,E123,1,D,0.8164029024084168,0.8146311734329339
29,E15,0,A,0.07358846608039146,0.04269527631929654
29,E19,0,A,0.08559974748510847,0.03909933469358147
29,E20,0,B,0.08662545202378898,0.05089819121996914
29,E22,0,A,0.09336916198346298,0.03909933469358147
29,E26,0,A,0.17829985209243285,0.03909933469358147
29,E35,0,B,0.09728150874603592,0.04664503542065567
29,E44,0,C,0.09142934290420993,0.03909933469358147
29,E51,0,B,0.09288016812321795,0.03909933469358147
29,E52,1,D,0.3343663482180066,0.8146311734329339
29,E54,0,A,0.09384437092118027,0.03909933469358147
29,E55,0,C,0.23466569905545154,0.03909933469358147
29,E58,0,B,0.171724654676704,0.055773016435382114
29,E60,0,B,0.2119234193599255,0.0909251131449194
29,E68,0,C,0.40112351374203625,0.17518425963150266
29,E7,0,A,0.05792105095615458,0.05011448223294035
29,E76,0,B,0.2085670997049281,0.03909933469358147
29,E78,0,C,0.21081810828089298,0.11145079282571357
29,E82,1,D,0.3297310610593609,0.8146311734329339
29,E86,0,C,0.34524087523048985,0.18388044499180697
29,E9,0,A,0.059281137825935463,0.04664503542065567
29,E98,0,B,0.24821444381890428,0.0783457245493613
30,E1,0,A,0.10004850299370423,0.07059289393148746
30,E100,1,D,0.46710864669588137,0.8221559064663143
30,E107,1,D,0.4119499688231577,0.8221559064663143
30,E109,1,D,0.3848423085848421,0.8221559064663143
30,E119,1,D,0.7513521144209228,0.8221559064663143
30,E14,0,C,0.1539207176850386,0.03813416957298728
30,E18,0,A,0.21971100000208185,0.03813416957298728
30,E2,0,A,0.05871394790531837,0.03813416957298728
30,E23,0,B,0.1398020963705994,0.05588571091887981
30,E27,0,A,0.22181646853461176,0.03813416957298728
30,E33,0,B,0.19653321213556943,0.04114817590513048
30,E40,0,C,0.12910374914724013,0.03813416957298728
30,E43,0,B,0.23273196074002292,0.09644109129759303
30,E45,1,B,0.17108269685662003,0.03813416957298728
30,E47,0,C,0.21560469463727167,0.04114817590513048
30,E5,0,B,0.10253846170816389,0.03813416957298728
30,E62,0,B,0.26280724176384646,0.03813416957298728
30,E64,0,A,0.206854128775277,0.05544836915189601
30,E70,0,B,0.3580881060938303,0.03813416957298728
30,E73,0,C,0.4378845857531604,0.0700115111454393
30,E74,0,B,0.17149646483242903,0.03813416957298728
30,E79,0,B,0.42017336066671807,0.053339185116374005
30,E81,0,A,0.33879013520803597,0.03813416957298728
30,E84,0,A,0.3183149041883629,0.03813416957298728
31,E102,1,D,0.5309345966407208,0.8151142897839792
31,E110,0,C,0.5502183485431449,0.15815551069230205
31,E111,1,D,0.3552353440252737,0.8151142897839792
31,E112,1,D,0.6204594093366946,0.8151142897839792
31,E116,1,D,0.5798299197132571,0.8151142897839792
31,E121,1,D,0.4426174827892991,0.8151142897839792
31,E15,0,A,0.10262670262384373,0.0404528004632115
31,E16,0,A,0.1797894438808931,0.03934454489663061
31,E19,0,A,0.08432959031373506,0.03934454489663061
31,E2,0,A,0.06221530792231912,0.03934454489663061
31,E26,0,A,0.18625368784676327,0.03934454489663061
31,E30,0,B,0.20730750617697516,0.05470337184038386
31,E37,0,B,0.10223094007473153,0.03934454489663061
31,E44,0,C,0.09147223208893737,0.03934454489663061
31,E51,0,B,0.10344281962253607,0.03934454489663061
31,E53,0,C,0.11888377947449115,0.03934454489663061
31,E57,0,B,0.15840778561114313,0.0404528004632115
31,E59,0,A,0.137621727684171,0.05798071801207204
31,E60,0,B,0.3402799153438333,0.10843046186214371
31,E64,0,A,0.15309809339280842,0.0404528004632115
31,E65,0,B,0.2798470759468504,0.0404528004632115
31,E70,0,B,0.3020274965636233,0.03934454489663061
31,E76,0,B,0.3074938925396989,0.03934454489663061
31,E80,0,C,0.3824836608823404,0.16653887051024194
31,E97,0,B,0.206127111563931,0.22017046471491758
32,E100,1,D,0.3993005712285016,0.8045471803450742
32,E103,1,D,0.45841527656295517,0.8045471803450742
32,E114,1,D,0.5740044128137982,0.8045471803450742
32,E120,1,D,0.9916722699764533,0.8045471803450742
32,E20,0,B,0.05440442763930584,0.062420291971708654
32,E27,0,A,0.08534665615497065,0.062420291971708654
32,E3,0,C,0.017383517351502842,0.062420291971708654
32,E32,0,B,0.12729337669879986,0.03787093635311634
32,E36,1,D,0.1049692239120921,0.8045471803450742
32,E38,0,B,0.0891546691440808,0.038955731147271425
32,E41,0,C,0.05943736928110253,0.03787093635311634
32,E43,0,B,0.1948119746171714,0.08685584144420869
32,E46,0,C,0.05987059936601092,0.03787093635311634
32,E48,0,A,0.05345212608644313,0.062420291971708654
32,E58,0,B,0.1090788542987014,0.05394819417649009
32,E67,0,B,0.12308494276656304,0.038955731147271425
32,E7,0,A,0.025179183551165857,0.062420291971708654
32,E77,0,C,0.13966130874795177,0.218127212561111
32,E78,0,C,0.13392843729793077,0.06389494179042474
32,E8,0,A,0.02315025683906894,0.03787093635311634
32,E82,1,D,0.23345823175440386,0.8045471803450742
32,E84,0,A,0.09514715849907177,0.03787093635311634
32,E89,0,A,0.23167700482701561,0.1062563734465673
32,E9,0,A,0.02403782107758123,0.062420291971708654
32,E92,0,C,0.2186685519153013,0.10494128195055777
33,E107,1,D,0.4372517046290038,0.8045471803450742
33,E109,1,D,0.3698291470360766,0.8045471803450742
33,E11,0,C,0.2286726047341643,0.17162014504984816
33,E115,1,D,0.5409344736736676,0.8045471803450742
33,E117,1,D,0.6418419250491006,0.8045471803450742
33,E119,1,D,0.7166658925743186,0.8045471803450742
33,E21,0,B,0.19829746764865927,0.06742782163643196
33,E23,0,B,0.18343683224874188,0.06742782163643196
33,E31,0,A,0.30837287740266184,0.06742782163643196
33,E33,0,B,0.24873109427904383,0.0383068978066508
33,E35,0,B,0.20884361384143565,0.06742782163643196
33,E39,0,C,0.40663191769748586,0.06711684219930766
33,E47,0,C,0.3166321335767187,0.06742782163643196
33,E49,0,C,0.3832430363712131,0.0383068978066508
33,E50,0,C,0.367865452713507,0.10244348560080188
33,E54,0,A,0.31639703384324147,0.0383068978066508
33,E66,0,B,0.2913796182108694,0.06711684219930766
33,E74,0,B,0.276249092494889,0.06711684219930766
33,E75,0,C,0.249515190180656,0.0383068978066508
33,E83,0,B,0.40306991237520623,0.0383068978066508
33,E88,0,A,0.3988950055913173,0.0383068978066508
33,E90,0,C,0.47013905726883043,0.0383068978066508
33,E94,0,C,0.3098465463209692,0.048098616315108006
33,E95,0,B,0.29350935741172607,0.06742782163643196
33,E99,1,D,0.5130762406056859,0.8045471803450742
34,E101,1,D,0.7392637575167688,0.8290501876581772
34,E105,0,C,0.12221722012557343,0.0455653256225504
34,E106,0,B,0.2386926863900228,0.0455653256225504
34,E118,1,D,0.4946453495616493,0.8290501876581772
34,E123,1,D,0.8663210751373902,0.8290501876581772
34,E13,0,A,0.06298585459267476,0.041932448129212076
34,E14,0,C,0.044076546788850764,0.041932448129212076
34,E18,0,A,0.1040154251593914,0.041932448129212076
34,E22,0,A,0.07901347445391706,0.041932448129212076
34,E24,0,A,0.07290451764379753,0.041932448129212076
34,E25,0,C,0.09593961854697809,0.0409340194087846
34,E29,1,C,0.06490936043428899,0.04500878296748851
34,E42,0,A,0.12724278032773972,0.05489952225709137
34,E5,0,B,0.0596581043727738,0.05342457973523864
34,E6,0,A,0.07465527386779897,0.041932448129212076
34,E63,0,B,0.0962005241329093,0.041932448129212076
34,E69,0,C,0.04753552637679494,0.05489952225709137
34,E71,0,B,0.1251602902344901,0.05502120490185285
34,E73,0,C,0.15821488575395462,0.0409340194087846
34,E81,0,A,0.17738178673010133,0.0409340194087846
34,E87,1,C,0.21149970811759708,0.04500878296748851
34,E91,0,A,0.26113511588763916,0.0409340194087846
34,E96,0,C,0.514034016901546,0.07739214800085986
34,E98,0,B,0.251265563729039,0.05074891245675471
35,E1,0,A,0.07770814418425184,0.08054026560154257
35,E10,0,B,0.23445799352876517,0.04958003585397473
35,E104,0,C,0.4528382408767059,0.05245199829457091
35,E108,1,D,0.7701240896170078,0.8221559064663143
35,E113,1,D,0.9020145090882205,0.8221559064663143
35,E12,0,B,0.2530652417407376,0.08328082410054555
35,E122,1,D,0.6792976738042366,0.8221559064663143
35,E17,0,A,0.13500796971567017,0.038017588859882386
35,E28,0,B,0.22672153105287426,0.08037774217797077
35,E34,0,B,0.1829518769194215,0.038017588859882386
35,E4,0,C,0.14469141481200404,0.04958003585397473
35,E40,0,C,0.17366804288401114,0.038017588859882386
35,E45,1,B,0.1280310065276894,0.03959564532524832
35,E52,1,D,0.2807402387793142,0.8221559064663143
35,E55,0,C,0.36934818521266094,0.038017588859882386
35,E56,0,C,0.23276449482188624,0.038017588859882386
35,E61,0,B,0.16766948818002994,0.07209210043574446
35,E62,0,B,0.3160655890705778,0.038017588859882386
35,E68,0,C,0.5164301068114239,0.10742839996798975
35,E72,0,C,0.5544551101846248,0.051792179006832854
35,E79,0,B,0.4618355820814778,0.04975321963630501
35,E85,0,B,0.46793854756395514,0.05574084194075772
35,E86,0,C,0.4687445532984892,0.053412699554668194
35,E93,0,B,0.4201609822821532,0.038017588859882386
36,E1,0,A,0.10306310298531932,0.09633946100099679
36,E102,1,D,0.6291626276158662,0.8183976009640735
36,E11,0,C,0.10724538728928615,0.11003134493742821
36,E12,0,B,0.3105707333938779,0.07965343167705688
36,E120,1,D,0.9860025017310273,0.8225817829771892
36,E29,1,C,0.3143490328922425,0.16193021166516
36,E32,0,B,0.26990987593339455,0.039757657870517944
36,E36,1,D,0.20354064912949088,0.79418974737023
36,E39,0,C,0.40540446749406084,0.06094358346929325
36,E40,0,C,0.14728633118322007,0.039757657870517944
36,E42,0,A,0.32252550519656686,0.07965343167705688
36,E44,0,C,0.13018117383151137,0.039757657870517944
36,E52,1,D,0.25615827337638336,0.79418974737023
36,E54,0,A,0.2894994442851299,0.039757657870517944
36,E55,0,C,0.17670238715003936,0.039757657870517944
36,E65,0,B,0.4489817718866158,0.039757657870517944
36,E76,0,B,0.5017562826142618,0.039757657870517944
36,E77,0,C,0.4045553457006794,0.16193021166516
36,E79,0,B,0.5225698804039285,0.06565207370442074
36,E89,0,A,0.4984806732050711,0.09364190238621266
36,E90,0,C,0.4446521177420514,0.043026284428522875
36,E91,0,A,0.4599550199585929,0.09364190238621266
36,E93,0,B,0.4640011570681221,0.0960811040262587
36,E95,0,B,0.33294614211221435,0.06368326443537835
36,E97,0,B,0.3064822322519168,0.1775394195582479
37,E101,1,D,0.8489547284260327,0.8045471803450742
37,E107,1,D,0.4731331655485374,0.8045471803450742
37,E114,1,D,0.6472680654356282,0.8045471803450742
37,E122,1,D,0.6461796483257377,0.8045471803450742
37,E123,1,D,0.7466897929662352,0.8045471803450742
37,E18,0,A,0.2033506555928453,0.039694103633839725
37,E2,0,A,0.07068754010734252,0.03857155897550062
37,E21,0,B,0.1002461328211808,0.06702475786699254
37,E24,0,A,0.13390045199219236,0.039694103633839725
37,E30,0,B,0.1634917058417478,0.05681203447621868
37,E35,0,B,0.12518564314252711,0.06518176739042036
37,E46,0,C,0.17223667203452617,0.03857155897550062
37,E5,0,B,0.10386933034565232,0.06702475786699254
37,E53,0,C,0.1720919073337636,0.039694103633839725
37,E57,0,B,0.14119992089123212,0.039694103633839725
37,E58,0,B,0.1936738251965565,0.050899746361081404
37,E60,0,B,0.267043181273225,0.08677611310002228
37,E61,0,B,0.13854092366418325,0.06518176739042036
37,E64,0,A,0.1407611606191373,0.04190179607311109
37,E7,0,A,0.07579002140251538,0.06702475786699254
37,E75,0,C,0.11694682728013417,0.03857155897550062
37,E80,0,C,0.35863885040785165,0.15980449962669868
37,E84,0,A,0.24922055271849708,0.03857155897550062
37,E9,0,A,0.09811719300942694,0.06518176739042036
37,E99,1,D,0.702363842060725,0.8045471803450742
38,E10,0,B,0.07668750926392952,0.04044387779518758
38,E105,0,C,0.3247081637382553,0.10972927220632958
38,E106,0,B,0.20018510859683075,0.05661705945999514
38,E109,1,D,0.3669798523177666,0.8129138906986427
38,E113,1,D,0.9319464853746768,0.8129138906986427
38,E115,1,D,0.7183282054787339,0.8129138906986427
38,E117,1,D,0.7145161321724289,0.8129138906986427
38,E118,1,D,0.5468890783523151,0.8129138906986427
38,E13,0,A,0.09813735022350394,0.04762947824343807
38,E14,0,C,0.05919613206952092,0.037522953822362135
38,E25,0,C,0.12220462786387488,0.037522953822362135
38,E31,0,A,0.07734037331693613,0.05691865946971873
38,E38,0,B,0.09012438593073459,0.06108112319854284
38,E41,0,C,0.08877768152886718,0.06108112319854284
38,E45,1,B,0.09126620120998709,0.037522953822362135
38,E47,0,C,0.08586994292764151,0.04044387779518758
38,E48,0,A,0.08216599604223171,0.037522953822362135
38,E49,0,C,0.12990942492290072,0.037522953822362135
38,E56,0,C,0.11003712315349684,0.037522953822362135
38,E69,0,C,0.059222981054146466,0.07702506816422161
38,E72,0,C,0.6331438281020678,0.04306429941320706
38,E74,0,B,0.12223028375209627,0.037522953822362135
38,E81,0,A,0.16575881899053233,0.037522953822362135
38,E83,0,B,0.2206213519413449,0.037522953822362135
38,E98,0,B,0.1884742595405566,0.037522953822362135
39,E100,1,D,0.4366161549965789,0.8146311734329339
39,E104,0,C,0.43853061111055563,0.21978336049062708
39,E110,0,C,0.5619669364742194,0.22764548763875908
39,E116,1,D,0.5764344822518683,0.8146311734329339
39,E119,1,D,0.7509437808169447,0.8146311734329339
39,E121,1,D,0.44710912229052713,0.8146311734329339
39,E16,0,A,0.2247350156269898,0.03998224344511809
39,E17,0,A,0.19240268901062174,0.03828015726864595
39,E19,0,A,0.12084830305463591,0.03828015726864595
39,E3,0,C,0.07430142971643924,0.03828015726864595
39,E34,0,B,0.18606180354468185,0.039421387795290044
39,E43,0,B,0.24917962575714436,0.0991940575665491
39,E50,0,C,0.37916784292835637,0.0964962653223733
39,E51,0,B,0.13481512824605296,0.03828015726864595
39,E59,0,A,0.1639685949223902,0.03998224344511809
39,E62,0,B,0.28321384890181583,0.03828015726864595
39,E66,0,B,0.20808376711976714,0.09370508896515037
39,E67,0,B,0.33276659062617975,0.03828015726864595
39,E68,0,C,0.48657135710369287,0.23306406015980982
39,E70,0,B,0.3501443160516323,0.03828015726864595
39,E73,0,C,0.37122882759787623,0.09767045733332348
39,E82,1,D,0.42179727792935384,0.8146311734329339
39,E92,0,C,0.47945150278013327,0.10056664273285622
39,E96,0,C,0.39552604367843,0.23306406015980982
40,E103,1,D,0.4369180900779994,0.8221559064663143
40,E108,1,D,0.6985878130833226,0.8221559064663143
40,E111,1,D,0.4840808622025888,0.8221559064663143
40,E112,1,D,0.6443429878581396,0.8221559064663143
40,E15,0,A,0.07204088387065326,0.06368460354492159
40,E20,0,B,0.07249679055521624,0.06368460354492159
40,E22,0,A,0.08146196616088103,0.03892628503062466
40,E23,0,B,0.059301457660548174,0.03892628503062466
40,E26,0,A,0.19799377044209915,0.03892628503062466
40,E27,0,A,0.15433426900908687,0.03892628503062466
40,E28,0,B,0.09197414761007248,0.06368460354492159
40,E33,0,B,0.09896315437086516,0.03892628503062466
40,E37,0,B,0.09582517286793318,0.03892628503062466
40,E4,0,C,0.04682212755215295,0.06368460354492159
40,E6,0,A,0.07506560168414624,0.06368460354492159
40,E63,0,B,0.10636012587966164,0.03892628503062466
40,E71,0,B,0.13285876941032015,0.06770719748313772
40,E78,0,C,0.15397735103218277,0.06770719748313772
40,E8,0,A,0.057260190337191735,0.03892628503062466
40,E85,0,B,0.1780390534337897,0.03892628503062466
40,E86,0,C,0.2273261548736148,0.1087006458257652
40,E87,1,C,0.20147511057538078,0.06770719748313772
40,E88,0,A,0.18434762048857092,0.03892628503062466
40,E94,0,C,0.18294586927455056,0.06770719748313772
41,E101,1,D,0.8766908232646247,0.8226084027411831
41,E103,1,D,0.4448656658728811,0.8226084027411831
41,E105,0,C,0.2809278847772108,0.09997291817759803
41,E108,1,D,0.8456358657937397,0.8226084027411831
41,E118,1,D,0.5095300850964595,0.8226084027411831
41,E12,0,B,0.11838797443949878,0.08860861379111702
41,E15,0,A,0.07013817695061489,0.07831259065242129
41,E22,0,A,0.06487581490117478,0.038475991218373785
41,E25,0,C,0.1037487150967482,0.038475991218373785
41,E28,0,B,0.08393919338192818,0.059537555442339185
41,E39,0,C,0.1622513878369425,0.08860861379111702
41,E4,0,C,0.05526803964314754,0.07146657380902066
41,E42,0,A,0.12454051147243517,0.0495745452200829
41,E45,1,B,0.0899586695223082,0.038475991218373785
41,E47,0,C,0.06572276388840483,0.05302084300599533
41,E56,0,C,0.10631492748810709,0.038475991218373785
41,E6,0,A,0.057610455009292114,0.038475991218373785
41,E61,0,B,0.07713221775796565,0.07531568891934436
41,E63,0,B,0.10300009626508695,0.06801812705869871
41,E67,0,B,0.12678998161212268,0.038475991218373785
41,E70,0,B,0.10360715450970298,0.038475991218373785
41,E72,0,C,0.6195232591988166,0.04664834562473425
41,E86,0,C,0.2866976005366607,0.056594244206700096
41,E88,0,A,0.1505682940348905,0.038475991218373785
41,E92,0,C,0.28282005620363915,0.06777057027606143
42,E10,0,B,0.1889709766208975,0.04360225489259746
42,E100,1,D,0.45306572441547177,0.8129515659721784
42,E102,1,D,0.6644538042285848,0.8129515659721784
42,E107,1,D,0.45128901246211045,0.8129515659721784
42,E11,0,C,0.11141920138244449,0.1120321203230369
42,E113,1,D,0.9240058638209123,0.8129515659721784
42,E2,0,A,0.08268687377789984,0.04360225489259746
42,E27,0,A,0.28159445260516786,0.0611934791037089
42,E29,1,C,0.1825644026299676,0.13623646337600293
42,E31,0,A,0.20312827797865382,0.06060790440018509
42,E46,0,C,0.2353744908598954,0.04360225489259746
42,E48,0,A,0.24647980140708328,0.06060790440018509
42,E52,1,D,0.21709149045400927,0.8091270193938069
42,E57,0,B,0.1664713005578622,0.03972739596676741
42,E64,0,A,0.13698277670466186,0.03972739596676741
42,E66,0,B,0.21645180118776858,0.04406700410024328
42,E69,0,C,0.03612078339542771,0.06839369484382712
42,E75,0,C,0.14347051583956102,0.03972739596676741
42,E79,0,B,0.4469490963524413,0.060497147379903166
42,E80,0,C,0.43058540888827845,0.13909818919497605
42,E84,0,A,0.29286473385709805,0.03972739596676741
42,E89,0,A,0.45737973367159696,0.0835166972364193
42,E9,0,A,0.13985104111132227,0.06060790440018509
42,E91,0,A,0.45199136506298393,0.0823970894824873
42,E95,0,B,0.15418342779061753,0.0611934791037089
43,E106,0,B,0.46707194429692855,0.07050619497326767
43,E114,1,D,0.6491837513436222,0.8045471803450742
43,E115,1,D,0.6560223529379688,0.8045471803450742
43,E117,1,D,0.6894668890582476,0.8045471803450742
43,E119,1,D,0.7820631559111316,0.8045471803450742
43,E123,1,D,0.9350568288663125,0.8045471803450742
43,E16,0,A,0.2257393699699898,0.04377221878774611
43,E19,0,A,0.20949355865384198,0.03888439810849371
43,E21,0,B,0.19639799463428267,0.052332341340176274
43,E23,0,B,0.12656100613139673,0.05314056737856268
43,E3,0,C,0.18606720480909053,0.05314056737856268
43,E32,0,B,0.3178823135202936,0.03888439810849371
43,E33,0,B,0.21669191284109948,0.039493588173032265
43,E34,0,B,0.2377304700213663,0.03888439810849371
43,E35,0,B,0.1751847295386631,0.052332341340176274
43,E55,0,C,0.38463904215465117,0.03888439810849371
43,E65,0,B,0.4079664723715211,0.052332341340176274
43,E68,0,C,0.39134685904400823,0.15904706532714902
43,E7,0,A,0.1371512516735609,0.05314056737856268
43,E76,0,B,0.4480888410665971,0.03888439810849371
43,E78,0,C,0.36499581823354954,0.08022783323117129
43,E81,0,A,0.3560165340313988,0.052332341340176274
43,E82,1,D,0.49086206133832005,0.8045471803450742
43,E83,0,B,0.35742769336089875,0.03888439810849371
43,E90,0,C,0.5451082939750672,0.03888439810849371
44,E1,0,A,0.04672024248532237,0.09786558456252979
44,E104,0,C,0.38617612935466944,0.1882516084980874
44,E110,0,C,0.622904187620064,0.1882516084980874
44,E112,1,D,0.6152906407887622,0.8146311734329339
44,E116,1,D,0.625778188922534,0.8146311734329339
44,E121,1,D,0.5997056665631912,0.8146311734329339
44,E24,0,A,0.12903952939641644,0.03818100518242232
44,E26,0,A,0.1604525143017753,0.03818100518242232
44,E36,1,D,0.1436647998848497,0.8146311734329339
44,E38,0,B,0.24499640954922264,0.03818100518242232
44,E40,0,C,0.15164117709027822,0.03818100518242232
44,E41,0,C,0.19598688397627462,0.03818100518242232
44,E43,0,B,0.19011537972220202,0.10204985393990897
44,E5,0,B,0.07773180158190574,0.048787286574265204
44,E53,0,C,0.12288615042368044,0.03818100518242232
44,E58,0,B,0.27483097253359856,0.07745859258668239
44,E74,0,B,0.15924200216686674,0.07745859258668239
44,E8,0,A,0.06478945555157235,0.03818100518242232
44,E85,0,B,0.4421334350391343,0.03818100518242232
44,E93,0,B,0.43381234612924796,0.09474514757107116
44,E94,0,C,0.31604712487502384,0.07493478341285413
44,E97,0,B,0.2426518315023094,0.23055308251869996
44,E98,0,B,0.40775604482593775,0.07493478341285413
44,E99,1,D,0.6433651877061433,0.8146311734329339
45,E109,1,D,0.5698402862909322,0.8221559064663143
45,E111,1,D,0.44668744954589024,0.8221559064663143
45,E120,1,D,0.9721638907924355,0.8221559064663143
45,E122,1,D,0.508486417274312,0.8221559064663143
45,E13,0,A,0.08717336038364469,0.03899775533475067
45,E14,0,C,0.05773200176781324,0.03899775533475067
45,E17,0,A,0.06563341188467427,0.053928466520030555
45,E18,0,A,0.07257952304089826,0.053928466520030555
45,E20,0,B,0.07181617118504276,0.056942723881302136
45,E30,0,B,0.12054709769434958,0.053928466520030555
45,E37,0,B,0.08752909144633737,0.03899775533475067
45,E44,0,C,0.0921512279342962,0.03899775533475067
45,E49,0,C,0.10330794127700044,0.03899775533475067
45,E50,0,C,0.228479209983046,0.07781697245657403
45,E51,0,B,0.08013164940337854,0.03899775533475067
45,E54,0,A,0.08164420226929188,0.03899775533475067
45,E59,0,A,0.09814646065160629,0.041213835962944444
45,E60,0,B,0.1803636715363716,0.07781697245657403
45,E62,0,B,0.14187888871688556,0.03899775533475067
45,E71,0,B,0.17731046045805482,0.07978292041582288
45,E73,0,C,0.1188400307108488,0.06691671065527588
45,E77,0,C,0.2521061628543951,0.07978292041582288
45,E87,1,C,0.19767269980947727,0.07978292041582288
45,E96,0,C,0.6250906785103105,0.12340906788548399
46,E103,1,D,0.5226920613874686,0.8151142897839792
46,E104,0,C,0.3111959475339128,0.180747563221479
46,E109,1,D,0.4658393531813845,0.8151142897839792
46,E122,1,D,0.6125518916592988,0.8151142897839792
46,E123,1,D,0.9631489674901993,0.8151142897839792
46,E13,0,A,0.15179536256926152,0.04034353040881666
46,E24,0,A,0.1838701082245207,0.03926498724906219
46,E25,0,C,0.2137564299373382,0.04034353040881666
46,E32,0,B,0.34870930215260065,0.04034353040881666
46,E33,0,B,0.1911748068267924,0.03926498724906219
46,E36,1,D,0.20385686117246168,0.8151142897839792
46,E49,0,C,0.3127488046121565,0.04034353040881666
46,E54,0,A,0.18158398532379624,0.03926498724906219
46,E56,0,C,0.24314106421932666,0.03926498724906219
46,E60,0,B,0.39374129474208447,0.08935156029413997
46,E71,0,B,0.3274807709907606,0.22916138817508303
46,E72,0,C,0.7036824713336101,0.08822391522045829
46,E75,0,C,0.10867527584934684,0.03926498724906219
46,E88,0,A,0.32932816508610874,0.042010071334034546
46,E89,0,A,0.46226926512120114,0.11873502280753254
46,E92,0,C,0.44985316426135774,0.18926524478649295
46,E93,0,B,0.405476805998364,0.11873502280753254
46,E94,0,C,0.26122593265487676,0.09567748855009083
46,E95,0,B,0.17759240338428092,0.04947126297366245
46,E98,0,B,0.3214408291160797,0.09567748855009083
47,E105,0,C,0.2886539450777808,0.1499081803164115
47,E107,1,D,0.501519600585794,0.8045471803450742
47,E11,0,C,0.13529255441999952,0.16662432454947693
47,E114,1,D,0.5821162924201385,0.8045471803450742
47,E115,1,D,0.7898010757246755,0.8045471803450742
47,E116,1,D,0.5132486582983777,0.8045471803450742
47,E119,1,D,0.7551070740178951,0.8045471803450742
47,E19,0,A,0.0864230632921584,0.03774083554027926
47,E20,0,B,0.07974987162570966,0.06933659442273471
47,E21,0,B,0.06805251349236018,0.06933659442273471
47,E22,0,A,0.08490113639187519,0.03774083554027926
47,E27,0,A,0.11736700825180892,0.06933659442273471
47,E37,0,B,0.08792692149299745,0.03774083554027926
47,E50,0,C,0.21432549956813615,0.09523229640759653
47,E57,0,B,0.1012771799779653,0.03774083554027926
47,E58,0,B,0.13330752147906416,0.06227025113762691
47,E61,0,B,0.09154374264656182,0.06933659442273471
47,E62,0,B,0.16621352434270356,0.03774083554027926
47,E63,0,B,0.1569326627572677,0.06227025113762691
47,E7,0,A,0.061786914755504845,0.06933659442273471
47,E8,0,A,0.06070218554722987,0.03774083554027926
47,E80,0,C,0.25144567917461036,0.14169706882850241
47,E81,0,A,0.16383740490020735,0.06933659442273471
47,E82,1,D,0.31796651671214243,0.8045471803450742
47,E84,0,A,0.1702044140016808,0.03774083554027926
48,E102,1,D,0.5146590793713686,0.8129138906986427
48,E111,1,D,0.3104963892159741,0.8129138906986427
48,E113,1,D,0.7642594925599315,0.8129138906986427
48,E121,1,D,0.47863169466037075,0.8129138906986427
48,E16,0,A,0.3158306786379568,0.04083108313208957
48,E17,0,A,0.26624005448645177,0.04185184171721226
48,E2,0,A,0.15016971360154704,0.04185184171721226
48,E26,0,A,0.37279374958806555,0.04083108313208957
48,E28,0,B,0.3755659453678616,0.04083108313208957
48,E29,1,C,0.3652479034125916,0.13000730781640027
48,E31,0,A,0.35499785094783964,0.05003087268179556
48,E4,0,C,0.2625028854031008,0.04083108313208957
48,E44,0,C,0.20322031118474676,0.04083108313208957
48,E47,0,C,0.30757343628620215,0.05003087268179556
48,E52,1,D,0.30088021143640575,0.8129138906986427
48,E53,0,C,0.2432266988907741,0.04083108313208957
48,E55,0,C,0.17166157254774336,0.04083108313208957
48,E6,0,A,0.2737289592219637,0.04185184171721226
48,E64,0,A,0.2956954113009666,0.04083108313208957
48,E66,0,B,0.2989103895580893,0.05427371145691658
48,E69,0,C,0.11362154535441618,0.07980950184536219
48,E70,0,B,0.45540673776107693,0.04185184171721226
48,E77,0,C,0.4120511984739779,0.13000730781640027
48,E9,0,A,0.2744589183753198,0.05003087268179556
48,E90,0,C,0.41860685065061687,0.04083108313208957
49,E1,0,A,0.049519973420185416,0.09414459299388159
49,E101,1,D,0.8392485126100533,0.8221559064663143
49,E106,0,B,0.21389375218728496,0.05770493452920593
49,E108,1,D,0.7986895869903515,0.8221559064663143
49,E117,1,D,0.7883382923828259,0.8221559064663143
49,E118,1,D,0.5213992915829719,0.8221559064663143
49,E12,0,B,0.15429230361755136,0.08756412435938275
49,E18,0,A,0.12493835951134252,0.03786937068671254
49,E30,0,B,0.10380214287742587,0.054249590922896565
49,E34,0,B,0.12664428961582846,0.051317885172192504
49,E38,0,B,0.10601223065314666,0.06073586433527561
49,E39,0,C,0.20361514055189134,0.08756412435938275
49,E40,0,C,0.10487626528699949,0.03786937068671254
49,E43,0,B,0.18060318673385944,0.08339124552822783
49,E45,1,B,0.10531342149120511,0.041710351485054836
49,E46,0,C,0.09668019802903027,0.05519054203852151
49,E67,0,B,0.15342107287856402,0.03786937068671254
49,E68,0,C,0.36012815874761966,0.11455986859966909
49,E73,0,C,0.21544724930526155,0.08153947619828793
49,E78,0,C,0.20900467178345133,0.09974981073303042
49,E79,0,B,0.26773503834960627,0.05964896881405072
49,E85,0,B,0.16911615341418648,0.06169158019111328
49,E86,0,C,0.3658866302500489,0.05071786820255466
49,E91,0,A,0.24877853893673874,0.041710351485054836
50,E10,0,B,0.044260046132923524,0.04672153910622807
50,E100,1,D,0.41359104885286896,0.8221559064663143
50,E110,0,C,0.36526077590709766,0.11850522718971726
50,E112,1,D,0.6542852876372977,0.8221559064663143
50,E120,1,D,0.9752489992967842,0.8221559064663143
50,E14,0,C,0.045566540448223045,0.03917198407517335
50,E15,0,A,0.05113213814015713,0.04672153910622807
50,E23,0,B,0.05176440215244689,0.048737368815703876
50,E3,0,C,0.03325991594906092,0.048737368815703876
50,E35,0,B,0.07136952442833781,0.048737368815703876
50,E41,0,C,0.06580123337667153,0.03917198407517335
50,E42,0,A,0.12953859432013462,0.08609969926527514
50,E48,0,A,0.06528201654022193,0.048737368815703876
50,E5,0,B,0.04901575211774984,0.05801912529887572
50,E51,0,B,0.07276395404284548,0.03917198407517335
50,E59,0,A,0.08074457571794896,0.048737368815703876
50,E65,0,B,0.10988143603823251,0.03917198407517335
50,E74,0,B,0.1758364603042726,0.07511440313676336
50,E76,0,B,0.1205677575367579,0.03917198407517335
50,E83,0,B,0.23533153011811675,0.03917198407517335
50,E87,1,C,0.1796324348771138,0.07817911462874588
50,E96,0,C,0.6024116415938225,0.11850522718971726
50,E97,0,B,0.36049944664978656,0.14452894052803958
50,E99,1,D,0.8471898234720877,0.8221559064663143
