split_id,n_train,n_test,n_default_test,test_default_rate,feature_set,tree_backend,best_params,A_elastic_net_logistic__roc_auc,A_elastic_net_logistic__pr_auc,A_elastic_net_logistic__brier,A_elastic_net_logistic__log_loss,A_elastic_net_logistic__ece_5bin,A_elastic_net_logistic__balanced_accuracy_05,A_elastic_net_logistic__f1_05,A_elastic_net_logistic__precision_top20,A_elastic_net_logistic__recall_top20,B_gradient_boosting__roc_auc,B_gradient_boosting__pr_auc,B_gradient_boosting__brier,B_gradient_boosting__log_loss,B_gradient_boosting__ece_5bin,B_gradient_boosting__balanced_accuracy_05,B_gradient_boosting__f1_05,B_gradient_boosting__precision_top20,B_gradient_boosting__recall_top20
1,98,25,5,0.2,behavior_plus_rating,sklearn.HistGradientBoostingClassifier,"{""A_elastic_net_logistic"": {""model"": ""LogisticRegression"", ""params"": {""C"": 0.2, ""l1_ratio"": 0.8}}, ""B_gradient_boosting"": {""model"": ""HistGradientBoostingClassifier"", ""params"": {""l2_regularization"": 10.0, ""max_leaf_nodes"": 3, ""min_samples_leaf"": 15}}}",1.0,1.0,0.046157931737982445,0.20574281064189998,0.12297089142813979,0.9,0.8888888888888888,1.0,1.0,1.0,1.0,0.009430144622697346,0.0859505317584257,0.08068658785543621,1.0,1.0,1.0,1.0
2,98,25,6,0.24,behavior_plus_rating,sklearn.HistGradientBoostingClassifier,"{""A_elastic_net_logistic"": {""model"": ""LogisticRegression"", ""params"": {""C"": 0.2, ""l1_ratio"": 0.8}}, ""B_gradient_boosting"": {""model"": ""HistGradientBoostingClassifier"", ""params"": {""l2_regularization"": 10.0, ""max_leaf_nodes"": 3, ""min_samples_leaf"": 15}}}",0.8947368421052633,0.8643790849673203,0.12488047272447109,0.41428219499721436,0.17022895094534932,0.8903508771929824,0.8333333333333334,0.8,0.6666666666666666,0.9605263157894738,0.9242424242424243,0.04460120942954438,0.19131326237799967,0.047271494464215136,0.9166666666666667,0.9090909090909091,1.0,0.8333333333333334
3,98,25,6,0.24,behavior_plus_rating,sklearn.HistGradientBoostingClassifier,"{""A_elastic_net_logistic"": {""model"": ""LogisticRegression"", ""params"": {""C"": 0.2, ""l1_ratio"": 0.8}}, ""B_gradient_boosting"": {""model"": ""HistGradientBoostingClassifier"", ""params"": {""l2_regularization"": 10.0, ""max_leaf_nodes"": 3, ""min_samples_leaf"": 15}}}",0.7982456140350878,0.7748538011695906,0.10545269801052308,0.3709873222844556,0.07942704998041558,0.75,0.6666666666666666,0.8,0.6666666666666666,0.8464912280701755,0.8733333333333333,0.07902464656095587,0.30918802223017644,0.06889777816973773,0.8333333333333333,0.8,1.0,0.8333333333333334
4,99,24,5,0.20833333333333334,behavior_plus_rating,sklearn.HistGradientBoostingClassifier,"{""A_elastic_net_logistic"": {""model"": ""LogisticRegression"", ""params"": {""C"": 0.2, ""l1_ratio"": 0.8}}, ""B_gradient_boosting"": {""model"": ""HistGradientBoostingClassifier"", ""params"": {""l2_regularization"": 10.0, ""max_leaf_nodes"": 3, ""min_samples_leaf"": 15}}}",0.9157894736842105,0.8433333333333334,0.09456232189433218,0.32972325833706495,0.11515158965955002,0.7736842105263158,0.6666666666666666,0.8,0.8,1.0,1.0,0.01188985599194999,0.09788030430167682,0.09120600279958092,1.0,1.0,1.0,1.0
5,99,24,5,0.20833333333333334,behavior_plus_rating,sklearn.HistGradientBoostingClassifier,"{""A_elastic_net_logistic"": {""model"": ""LogisticRegression"", ""params"": {""C"": 0.2, ""l1_ratio"": 0.8}}, ""B_gradient_boosting"": {""model"": ""HistGradientBoostingClassifier"", ""params"": {""l2_regularization"": 10.0, ""max_leaf_nodes"": 3, ""min_samples_leaf"": 15}}}",0.7894736842105263,0.6533333333333333,0.13879132812954284,0.4428900542593692,0.11451031275232999,0.6736842105263158,0.5,0.6,0.6,1.0,1.0,0.01760689710790624,0.12141953707180303,0.11136044566536979,1.0,1.0,1.0,1.0
6,98,25,5,0.2,behavior_plus_rating,sklearn.HistGradientBoostingClassifier,"{""A_elastic_net_logistic"": {""model"": ""LogisticRegression"", ""params"": {""C"": 0.2, ""l1_ratio"": 0.8}}, ""B_gradient_boosting"": {""model"": ""HistGradientBoostingClassifier"", ""params"": {""l2_regularization"": 10.0, ""max_leaf_nodes"": 3, ""min_samples_leaf"": 15}}}",0.75,0.5975033738191633,0.14238917043178076,0.45323802692234794,0.11551942888025495,0.6,0.3333333333333333,0.6,0.6,0.9450000000000001,0.8833333333333333,0.0426309893455486,0.18517075241553052,0.03656517939951054,0.9,0.8888888888888888,0.8,0.8
7,98,25,6,0.24,behavior_plus_rating,sklearn.HistGradientBoostingClassifier,"{""A_elastic_net_logistic"": {""model"": ""LogisticRegression"", ""params"": {""C"": 0.2, ""l1_ratio"": 0.8}}, ""B_gradient_boosting"": {""model"": ""HistGradientBoostingClassifier"", ""params"": {""l2_regularization"": 10.0, ""max_leaf_nodes"": 3, ""min_samples_leaf"": 15}}}",1.0,1.0,0.07583959392168776,0.300756306437006,0.2498592244766918,0.9166666666666667,0.9090909090909091,1.0,0.8333333333333334,1.0,1.0,0.013341776786095185,0.10083003950648248,0.09323993795190622,1.0,1.0,1.0,0.8333333333333334
8,98,25,6,0.24,behavior_plus_rating,sklearn.HistGradientBoostingClassifier,"{""A_elastic_net_logistic"": {""model"": ""LogisticRegression"", ""params"": {""C"": 0.2, ""l1_ratio"": 0.8}}, ""B_gradient_boosting"": {""model"": ""HistGradientBoostingClassifier"", ""params"": {""l2_regularization"": 10.0, ""max_leaf_nodes"": 3, ""min_samples_leaf"": 15}}}",0.868421052631579,0.8079365079365078,0.09668549308792786,0.32850621412378217,0.07472123452613298,0.8070175438596491,0.7272727272727273,0.8,0.6666666666666666,0.8640350877192983,0.8733333333333334,0.046055109320991605,0.21157073901109086,0.038178215982544006,0.9166666666666667,0.9090909090909091,1.0,0.8333333333333334
9,99,24,5,0.20833333333333334,behavior_plus_rating,sklearn.HistGradientBoostingClassifier,"{""A_elastic_net_logistic"": {""model"": ""LogisticRegression"", ""params"": {""C"": 0.2, ""l1_ratio"": 0.8}}, ""B_gradient_boosting"": {""model"": ""HistGradientBoostingClassifier"", ""params"": {""l2_regularization"": 10.0, ""max_leaf_nodes"": 3, ""min_samples_leaf"": 15}}}",1.0,1.0,0.06948121003756819,0.277500155388032,0.23007869771648487,0.9473684210526316,0.8333333333333334,1.0,1.0,1.0,1.0,0.014348846897829474,0.10899900866948982,0.10090179478603252,1.0,1.0,1.0,1.0
10,99,24,5,0.20833333333333334,behavior_plus_rating,sklearn.HistGradientBoostingClassifier,"{""A_elastic_net_logistic"": {""model"": ""LogisticRegression"", ""params"": {""C"": 0.2, ""l1_ratio"": 0.8}}, ""B_gradient_boosting"": {""model"": ""HistGradientBoostingClassifier"", ""params"": {""l2_regularization"": 10.0, ""max_leaf_nodes"": 3, ""min_samples_leaf"": 15}}}",0.8947368421052632,0.8666666666666667,0.09799321639929955,0.33610625671847383,0.15818430360429442,0.6,0.3333333333333333,0.8,0.8,0.9578947368421052,0.9111111111111111,0.04439338834282037,0.1902305264386203,0.05745883787383173,0.9,0.8888888888888888,0.8,0.8
11,98,25,5,0.2,behavior_plus_rating,sklearn.HistGradientBoostingClassifier,"{""A_elastic_net_logistic"": {""model"": ""LogisticRegression"", ""params"": {""C"": 0.2, ""l1_ratio"": 0.8}}, ""B_gradient_boosting"": {""model"": ""HistGradientBoostingClassifier"", ""params"": {""l2_regularization"": 10.0, ""max_leaf_nodes"": 3, ""min_samples_leaf"": 15}}}",0.88,0.8588235294117648,0.1274018434385104,0.42682633811210197,0.23962401919923715,0.9,0.8888888888888888,0.8,0.8,1.0,1.0,0.012035052018658295,0.09903945081557114,0.09228881325707577,1.0,1.0,1.0,1.0
12,98,25,6,0.24,behavior_plus_rating,sklearn.HistGradientBoostingClassifier,"{""A_elastic_net_logistic"": {""model"": ""LogisticRegression"", ""params"": {""C"": 0.2, ""l1_ratio"": 0.8}}, ""B_gradient_boosting"": {""model"": ""HistGradientBoostingClassifier"", ""params"": {""l2_regularization"": 10.0, ""max_leaf_nodes"": 3, ""min_samples_leaf"": 15}}}",0.8771929824561403,0.8581871345029239,0.09816426876589303,0.3437230100288888,0.10145714078990001,0.8333333333333333,0.8,0.8,0.6666666666666666,0.8859649122807017,0.8859649122807017,0.04774516981702972,0.2191770110016391,0.05067375496340622,0.9166666666666667,0.9090909090909091,1.0,0.8333333333333334
13,98,25,6,0.24,behavior_plus_rating,sklearn.HistGradientBoostingClassifier,"{""A_elastic_net_logistic"": {""model"": ""LogisticRegression"", ""params"": {""C"": 0.2, ""l1_ratio"": 0.8}}, ""B_gradient_boosting"": {""model"": ""HistGradientBoostingClassifier"", ""params"": {""l2_regularization"": 10.0, ""max_leaf_nodes"": 3, ""min_samples_leaf"": 15}}}",0.8947368421052632,0.888888888888889,0.07969987538297663,0.2998523870648633,0.1098574727801617,0.8333333333333333,0.8,1.0,0.8333333333333334,0.9736842105263158,0.9444444444444444,0.04274088659240686,0.18194055994788097,0.05304766516356667,0.9166666666666667,0.9090909090909091,1.0,0.8333333333333334
14,99,24,5,0.20833333333333334,behavior_plus_rating,sklearn.HistGradientBoostingClassifier,"{""A_elastic_net_logistic"": {""model"": ""LogisticRegression"", ""params"": {""C"": 0.2, ""l1_ratio"": 0.8}}, ""B_gradient_boosting"": {""model"": ""HistGradientBoostingClassifier"", ""params"": {""l2_regularization"": 10.0, ""max_leaf_nodes"": 3, ""min_samples_leaf"": 15}}}",0.9473684210526316,0.9,0.08981028404529386,0.32686973795446744,0.1923840857456249,0.8,0.75,0.8,0.8,1.0,1.0,0.00957618905593347,0.08511278921483341,0.07975191195174056,1.0,1.0,1.0,1.0
15,99,24,5,0.20833333333333334,behavior_plus_rating,sklearn.HistGradientBoostingClassifier,"{""A_elastic_net_logistic"": {""model"": ""LogisticRegression"", ""params"": {""C"": 0.2, ""l1_ratio"": 0.8}}, ""B_gradient_boosting"": {""model"": ""HistGradientBoostingClassifier"", ""params"": {""l2_regularization"": 10.0, ""max_leaf_nodes"": 3, ""min_samples_leaf"": 15}}}",0.9052631578947368,0.7392857142857143,0.11231557624034678,0.35443533397012256,0.21056162934390815,0.6473684210526316,0.4444444444444444,0.4,0.4,0.9631578947368421,0.9,0.0439519506612299,0.18691622132053698,0.0391563779275895,0.9,0.8888888888888888,0.8,0.8
16,98,25,5,0.2,behavior_plus_rating,sklearn.HistGradientBoostingClassifier,"{""A_elastic_net_logistic"": {""model"": ""LogisticRegression"", ""params"": {""C"": 0.2, ""l1_ratio"": 0.8}}, ""B_gradient_boosting"": {""model"": ""HistGradientBoostingClassifier"", ""params"": {""l2_regularization"": 10.0, ""max_leaf_nodes"": 3, ""min_samples_leaf"": 15}}}",1.0,1.0,0.04357413714236884,0.2034850983682944,0.13676435674145157,0.975,0.9090909090909091,1.0,1.0,1.0,1.0,0.009606804221438687,0.08750717783643236,0.08214891091689205,1.0,1.0,1.0,1.0
17,98,25,6,0.24,behavior_plus_rating,sklearn.HistGradientBoostingClassifier,"{""A_elastic_net_logistic"": {""model"": ""LogisticRegression"", ""params"": {""C"": 0.2, ""l1_ratio"": 0.8}}, ""B_gradient_boosting"": {""model"": ""HistGradientBoostingClassifier"", ""params"": {""l2_regularization"": 10.0, ""max_leaf_nodes"": 3, ""min_samples_leaf"": 15}}}",0.9912280701754387,0.9761904761904762,0.09041312082273623,0.33428890442539116,0.2362831351222566,0.8333333333333333,0.8,1.0,0.8333333333333334,0.9561403508771931,0.9242424242424243,0.04433996992622478,0.19056453652388405,0.04596646268974002,0.9166666666666667,0.9090909090909091,1.0,0.8333333333333334
18,98,25,6,0.24,behavior_plus_rating,sklearn.HistGradientBoostingClassifier,"{""A_elastic_net_logistic"": {""model"": ""LogisticRegression"", ""params"": {""C"": 0.2, ""l1_ratio"": 0.8}}, ""B_gradient_boosting"": {""model"": ""HistGradientBoostingClassifier"", ""params"": {""l2_regularization"": 10.0, ""max_leaf_nodes"": 3, ""min_samples_leaf"": 15}}}",0.8245614035087719,0.7553571428571428,0.13175661626807114,0.4222107678173515,0.10114573391060731,0.6666666666666666,0.5,0.8,0.6666666666666666,0.9912280701754387,0.9583333333333334,0.04058388925142302,0.17111771201129822,0.05155126824754644,0.9166666666666667,0.9090909090909091,1.0,0.8333333333333334
19,99,24,5,0.20833333333333334,behavior_plus_rating,sklearn.HistGradientBoostingClassifier,"{""A_elastic_net_logistic"": {""model"": ""LogisticRegression"", ""params"": {""C"": 0.2, ""l1_ratio"": 0.8}}, ""B_gradient_boosting"": {""model"": ""HistGradientBoostingClassifier"", ""params"": {""l2_regularization"": 10.0, ""max_leaf_nodes"": 3, ""min_samples_leaf"": 15}}}",0.7473684210526316,0.7088235294117647,0.12992547362580997,0.42331084684658427,0.17805231577473848,0.7736842105263158,0.6666666666666666,0.6,0.6,0.8421052631578948,0.8416666666666667,0.04658480354401954,0.21423508114208692,0.03360925373345344,0.9,0.8888888888888888,0.8,0.8
20,99,24,5,0.20833333333333334,behavior_plus_rating,sklearn.HistGradientBoostingClassifier,"{""A_elastic_net_logistic"": {""model"": ""LogisticRegression"", ""params"": {""C"": 0.2, ""l1_ratio"": 0.8}}, ""B_gradient_boosting"": {""model"": ""HistGradientBoostingClassifier"", ""params"": {""l2_regularization"": 10.0, ""max_leaf_nodes"": 3, ""min_samples_leaf"": 15}}}",0.8947368421052632,0.5977777777777777,0.11134187499946253,0.34784988884836293,0.1289864968128797,0.6473684210526316,0.4444444444444444,0.6,0.6,1.0,1.0,0.01353086158175365,0.10407386276286185,0.09640544043302429,1.0,1.0,1.0,1.0
21,98,25,5,0.2,behavior_plus_rating,sklearn.HistGradientBoostingClassifier,"{""A_elastic_net_logistic"": {""model"": ""LogisticRegression"", ""params"": {""C"": 0.2, ""l1_ratio"": 0.8}}, ""B_gradient_boosting"": {""model"": ""HistGradientBoostingClassifier"", ""params"": {""l2_regularization"": 10.0, ""max_leaf_nodes"": 3, ""min_samples_leaf"": 15}}}",1.0,1.0,0.0695426173891563,0.27954008057725566,0.17854290738272072,0.8,0.75,1.0,1.0,1.0,1.0,0.011514773284696096,0.09513574481565237,0.08865470660938837,1.0,1.0,1.0,1.0
22,98,25,6,0.24,behavior_plus_rating,sklearn.HistGradientBoostingClassifier,"{""A_elastic_net_logistic"": {""model"": ""LogisticRegression"", ""params"": {""C"": 0.2, ""l1_ratio"": 0.8}}, ""B_gradient_boosting"": {""model"": ""HistGradientBoostingClassifier"", ""params"": {""l2_regularization"": 10.0, ""max_leaf_nodes"": 3, ""min_samples_leaf"": 15}}}",0.7456140350877194,0.6383838383838384,0.14893488879421735,0.47615243827463516,0.14040485074381595,0.6403508771929824,0.4444444444444444,0.6,0.5,0.8464912280701755,0.8733333333333333,0.07927315860432066,0.31149925418636626,0.0688248835484133,0.8333333333333333,0.8,1.0,0.8333333333333334
23,98,25,6,0.24,behavior_plus_rating,sklearn.HistGradientBoostingClassifier,"{""A_elastic_net_logistic"": {""model"": ""LogisticRegression"", ""params"": {""C"": 0.2, ""l1_ratio"": 0.8}}, ""B_gradient_boosting"": {""model"": ""HistGradientBoostingClassifier"", ""params"": {""l2_regularization"": 10.0, ""max_leaf_nodes"": 3, ""min_samples_leaf"": 15}}}",1.0,1.0,0.06138157309463268,0.2531338014167239,0.17765878333082444,0.9736842105263157,0.9230769230769231,1.0,0.8333333333333334,1.0,1.0,0.0132585965023937,0.10195154163421595,0.0944440950297328,1.0,1.0,1.0,0.8333333333333334
24,99,24,5,0.20833333333333334,behavior_plus_rating,sklearn.HistGradientBoostingClassifier,"{""A_elastic_net_logistic"": {""model"": ""LogisticRegression"", ""params"": {""C"": 0.2, ""l1_ratio"": 0.8}}, ""B_gradient_boosting"": {""model"": ""HistGradientBoostingClassifier"", ""params"": {""l2_regularization"": 10.0, ""max_leaf_nodes"": 3, ""min_samples_leaf"": 15}}}",0.6947368421052631,0.4317460317460317,0.16548722861430962,0.5034825746040267,0.11903692827360136,0.6210526315789473,0.4,0.4,0.4,1.0,1.0,0.013288719279776783,0.10729681283760284,0.09986105077087268,1.0,1.0,1.0,1.0
25,99,24,5,0.20833333333333334,behavior_plus_rating,sklearn.HistGradientBoostingClassifier,"{""A_elastic_net_logistic"": {""model"": ""LogisticRegression"", ""params"": {""C"": 0.2, ""l1_ratio"": 0.8}}, ""B_gradient_boosting"": {""model"": ""HistGradientBoostingClassifier"", ""params"": {""l2_regularization"": 10.0, ""max_leaf_nodes"": 3, ""min_samples_leaf"": 15}}}",1.0,1.0,0.07500593700534891,0.28820588676932285,0.17194546325707596,0.8,0.75,1.0,1.0,0.9157894736842106,0.8714285714285714,0.046466860453830666,0.20512782190863807,0.04062793919848604,0.9,0.8888888888888888,0.8,0.8
26,98,25,5,0.2,behavior_plus_rating,sklearn.HistGradientBoostingClassifier,"{""A_elastic_net_logistic"": {""model"": ""LogisticRegression"", ""params"": {""C"": 0.2, ""l1_ratio"": 0.8}}, ""B_gradient_boosting"": {""model"": ""HistGradientBoostingClassifier"", ""params"": {""l2_regularization"": 10.0, ""max_leaf_nodes"": 3, ""min_samples_leaf"": 15}}}",0.98,0.9266666666666667,0.08440184495826536,0.3038563172853097,0.18262423998083474,0.95,0.8333333333333334,0.8,0.8,1.0,1.0,0.014970317953695689,0.11283822572100626,0.10437501517329248,1.0,1.0,1.0,1.0
27,98,25,6,0.24,behavior_plus_rating,sklearn.HistGradientBoostingClassifier,"{""A_elastic_net_logistic"": {""model"": ""LogisticRegression"", ""params"": {""C"": 0.2, ""l1_ratio"": 0.8}}, ""B_gradient_boosting"": {""model"": ""HistGradientBoostingClassifier"", ""params"": {""l2_regularization"": 10.0, ""max_leaf_nodes"": 3, ""min_samples_leaf"": 15}}}",0.8947368421052632,0.888888888888889,0.08299333059600734,0.3080110969494507,0.15375101205900732,0.9166666666666667,0.9090909090909091,1.0,0.8333333333333334,1.0,1.0,0.012290930391258862,0.0974101104439705,0.09045721138326519,1.0,1.0,1.0,0.8333333333333334
28,98,25,6,0.24,behavior_plus_rating,sklearn.HistGradientBoostingClassifier,"{""A_elastic_net_logistic"": {""model"": ""LogisticRegression"", ""params"": {""C"": 0.2, ""l1_ratio"": 0.8}}, ""B_gradient_boosting"": {""model"": ""HistGradientBoostingClassifier"", ""params"": {""l2_regularization"": 10.0, ""max_leaf_nodes"": 3, ""min_samples_leaf"": 15}}}",0.8859649122807017,0.8859649122807017,0.11879846896507532,0.40266578940833797,0.19311476942713462,0.75,0.6666666666666666,1.0,0.8333333333333334,0.8201754385964912,0.7817460317460317,0.07968018349029908,0.31482281676064394,0.0699145789172209,0.8333333333333333,0.8,0.8,0.6666666666666666
29,99,24,5,0.20833333333333334,behavior_plus_rating,sklearn.HistGradientBoostingClassifier,"{""A_elastic_net_logistic"": {""model"": ""LogisticRegression"", ""params"": {""C"": 0.2, ""l1_ratio"": 0.8}}, ""B_gradient_boosting"": {""model"": ""HistGradientBoostingClassifier"", ""params"": {""l2_regularization"": 10.0, ""max_leaf_nodes"": 3, ""min_samples_leaf"": 15}}}",0.9578947368421052,0.8761904761904762,0.07847918641160098,0.28458986571118255,0.11078314211736921,0.8,0.75,0.6,0.6,1.0,1.0,0.012073060241341483,0.09730216779711925,0.09050817427400773,1.0,1.0,1.0,1.0
30,99,24,5,0.20833333333333334,behavior_plus_rating,sklearn.HistGradientBoostingClassifier,"{""A_elastic_net_logistic"": {""model"": ""LogisticRegression"", ""params"": {""C"": 0.2, ""l1_ratio"": 0.8}}, ""B_gradient_boosting"": {""model"": ""HistGradientBoostingClassifier"", ""params"": {""l2_regularization"": 10.0, ""max_leaf_nodes"": 3, ""min_samples_leaf"": 15}}}",0.8210526315789474,0.7088888888888889,0.12215151123892604,0.4040014615922017,0.10393050507512605,0.6,0.3333333333333333,0.6,0.6,0.8578947368421053,0.8416666666666667,0.04580463858978113,0.20742663289776583,0.0320729677452902,0.9,0.8888888888888888,0.8,0.8
31,98,25,5,0.2,behavior_plus_rating,sklearn.HistGradientBoostingClassifier,"{""A_elastic_net_logistic"": {""model"": ""LogisticRegression"", ""params"": {""C"": 0.2, ""l1_ratio"": 0.8}}, ""B_gradient_boosting"": {""model"": ""HistGradientBoostingClassifier"", ""params"": {""l2_regularization"": 10.0, ""max_leaf_nodes"": 3, ""min_samples_leaf"": 15}}}",0.9600000000000001,0.8528571428571428,0.09524171049244458,0.33248145028792786,0.16548457426223132,0.7749999999999999,0.6666666666666666,0.8,0.8,1.0,1.0,0.012490962388016036,0.09689881700065545,0.0898265839812527,1.0,1.0,1.0,1.0
32,98,25,6,0.24,behavior_plus_rating,sklearn.HistGradientBoostingClassifier,"{""A_elastic_net_logistic"": {""model"": ""LogisticRegression"", ""params"": {""C"": 0.2, ""l1_ratio"": 0.8}}, ""B_gradient_boosting"": {""model"": ""HistGradientBoostingClassifier"", ""params"": {""l2_regularization"": 10.0, ""max_leaf_nodes"": 3, ""min_samples_leaf"": 15}}}",0.9298245614035088,0.9047619047619048,0.09935068982398543,0.3192718055750479,0.09648782337004344,0.6666666666666666,0.5,1.0,0.8333333333333334,1.0,1.0,0.013888568051780887,0.1058276219644565,0.09794114636757163,1.0,1.0,1.0,0.8333333333333334
33,98,25,6,0.24,behavior_plus_rating,sklearn.HistGradientBoostingClassifier,"{""A_elastic_net_logistic"": {""model"": ""LogisticRegression"", ""params"": {""C"": 0.2, ""l1_ratio"": 0.8}}, ""B_gradient_boosting"": {""model"": ""HistGradientBoostingClassifier"", ""params"": {""l2_regularization"": 10.0, ""max_leaf_nodes"": 3, ""min_samples_leaf"": 15}}}",0.9473684210526316,0.8964646464646464,0.13168732687704415,0.44042794757118237,0.19280419920130365,0.8333333333333333,0.8,0.8,0.6666666666666666,1.0,1.0,0.012901498173119107,0.1020483251762513,0.09475779623833533,1.0,1.0,1.0,0.8333333333333334
34,99,24,5,0.20833333333333334,behavior_plus_rating,sklearn.HistGradientBoostingClassifier,"{""A_elastic_net_logistic"": {""model"": ""LogisticRegression"", ""params"": {""C"": 0.2, ""l1_ratio"": 0.8}}, ""B_gradient_boosting"": {""model"": ""HistGradientBoostingClassifier"", ""params"": {""l2_regularization"": 10.0, ""max_leaf_nodes"": 3, ""min_samples_leaf"": 15}}}",0.7894736842105263,0.7,0.10213844356245717,0.35665011268084346,0.0396921937177822,0.6736842105263158,0.5,0.6,0.6,0.831578947368421,0.7538461538461538,0.08147189498928947,0.3200662557835673,0.06366883815403662,0.8,0.75,0.6,0.6
35,99,24,5,0.20833333333333334,behavior_plus_rating,sklearn.HistGradientBoostingClassifier,"{""A_elastic_net_logistic"": {""model"": ""LogisticRegression"", ""params"": {""C"": 0.2, ""l1_ratio"": 0.8}}, ""B_gradient_boosting"": {""model"": ""HistGradientBoostingClassifier"", ""params"": {""l2_regularization"": 10.0, ""max_leaf_nodes"": 3, ""min_samples_leaf"": 15}}}",0.7157894736842106,0.7050167224080267,0.1520213880354348,0.4801436809885949,0.20474408616746914,0.7473684210526316,0.6,0.6,0.6,0.8736842105263158,0.8588235294117648,0.046433935688550275,0.21245332376881143,0.0334635618293352,0.9,0.8888888888888888,0.8,0.8
36,98,25,5,0.2,behavior_plus_rating,sklearn.HistGradientBoostingClassifier,"{""A_elastic_net_logistic"": {""model"": ""LogisticRegression"", ""params"": {""C"": 0.2, ""l1_ratio"": 0.8}}, ""B_gradient_boosting"": {""model"": ""HistGradientBoostingClassifier"", ""params"": {""l2_regularization"": 10.0, ""max_leaf_nodes"": 3, ""min_samples_leaf"": 15}}}",0.59,0.5349624060150375,0.1750754868860445,0.5232334711467879,0.22374752322378602,0.65,0.4444444444444444,0.4,0.4,0.985,0.9428571428571428,0.0398047014231758,0.17021481315648618,0.05730769413717236,0.9,0.8888888888888888,0.8,0.8
37,98,25,6,0.24,behavior_plus_rating,sklearn.HistGradientBoostingClassifier,"{""A_elastic_net_logistic"": {""model"": ""LogisticRegression"", ""params"": {""C"": 0.2, ""l1_ratio"": 0.8}}, ""B_gradient_boosting"": {""model"": ""HistGradientBoostingClassifier"", ""params"": {""l2_regularization"": 10.0, ""max_leaf_nodes"": 3, ""min_samples_leaf"": 15}}}",1.0,1.0,0.051084391642059114,0.23181262009597298,0.19841613011646564,0.9166666666666667,0.9090909090909091,1.0,0.8333333333333334,1.0,1.0,0.012333161725173469,0.09811911849413461,0.09114373335105148,1.0,1.0,1.0,0.8333333333333334
38,98,25,6,0.24,behavior_plus_rating,sklearn.HistGradientBoostingClassifier,"{""A_elastic_net_logistic"": {""model"": ""LogisticRegression"", ""params"": {""C"": 0.2, ""l1_ratio"": 0.8}}, ""B_gradient_boosting"": {""model"": ""HistGradientBoostingClassifier"", ""params"": {""l2_regularization"": 10.0, ""max_leaf_nodes"": 3, ""min_samples_leaf"": 15}}}",0.8859649122807018,0.831045751633987,0.0949135180698261,0.330420796209865,0.05388200681645573,0.8070175438596491,0.7272727272727273,0.8,0.6666666666666666,0.8728070175438597,0.8733333333333334,0.046132591871483684,0.21109474335621978,0.03864668677355179,0.9166666666666667,0.9090909090909091,1.0,0.8333333333333334
39,99,24,5,0.20833333333333334,behavior_plus_rating,sklearn.HistGradientBoostingClassifier,"{""A_elastic_net_logistic"": {""model"": ""LogisticRegression"", ""params"": {""C"": 0.2, ""l1_ratio"": 0.8}}, ""B_gradient_boosting"": {""model"": ""HistGradientBoostingClassifier"", ""params"": {""l2_regularization"": 10.0, ""max_leaf_nodes"": 3, ""min_samples_leaf"": 15}}}",0.8842105263157894,0.711111111111111,0.13407790193485647,0.4330400636556971,0.16945927504288086,0.6736842105263158,0.5,0.4,0.4,1.0,1.0,0.018465271479352344,0.12376859359330923,0.1131408578654432,1.0,1.0,1.0,1.0
40,99,24,5,0.20833333333333334,behavior_plus_rating,sklearn.HistGradientBoostingClassifier,"{""A_elastic_net_logistic"": {""model"": ""LogisticRegression"", ""params"": {""C"": 0.2, ""l1_ratio"": 0.8}}, ""B_gradient_boosting"": {""model"": ""HistGradientBoostingClassifier"", ""params"": {""l2_regularization"": 10.0, ""max_leaf_nodes"": 3, ""min_samples_leaf"": 15}}}",0.9894736842105264,0.9666666666666667,0.07349494050411003,0.26694124090120663,0.18122238762370318,0.7,0.5714285714285714,0.8,0.8,0.9736842105263158,0.9111111111111111,0.044028490855260095,0.18863832731294347,0.033274653246829725,0.9,0.8888888888888888,0.8,0.8
41,98,25,5,0.2,behavior_plus_rating,sklearn.HistGradientBoostingClassifier,"{""A_elastic_net_logistic"": {""model"": ""LogisticRegression"", ""params"": {""C"": 0.2, ""l1_ratio"": 0.8}}, ""B_gradient_boosting"": {""model"": ""HistGradientBoostingClassifier"", ""params"": {""l2_regularization"": 10.0, ""max_leaf_nodes"": 3, ""min_samples_leaf"": 15}}}",0.85,0.7655555555555555,0.08846721495178599,0.31300238024522253,0.13828402937995973,0.7749999999999999,0.6666666666666666,0.8,0.8,0.835,0.8400000000000001,0.04507138197648574,0.21006895749638288,0.03683294195029953,0.9,0.8888888888888888,0.8,0.8
42,98,25,6,0.24,behavior_plus_rating,sklearn.HistGradientBoostingClassifier,"{""A_elastic_net_logistic"": {""model"": ""LogisticRegression"", ""params"": {""C"": 0.2, ""l1_ratio"": 0.8}}, ""B_gradient_boosting"": {""model"": ""HistGradientBoostingClassifier"", ""params"": {""l2_regularization"": 10.0, ""max_leaf_nodes"": 3, ""min_samples_leaf"": 15}}}",0.8070175438596492,0.6923705379587732,0.133375296745771,0.42496812337822076,0.08554028083854895,0.6666666666666666,0.5,0.6,0.5,0.9912280701754387,0.9761904761904762,0.04035750019795174,0.17053464381084152,0.05036928570428841,0.9166666666666667,0.9090909090909091,1.0,0.8333333333333334
43,98,25,6,0.24,behavior_plus_rating,sklearn.HistGradientBoostingClassifier,"{""A_elastic_net_logistic"": {""model"": ""LogisticRegression"", ""params"": {""C"": 0.2, ""l1_ratio"": 0.8}}, ""B_gradient_boosting"": {""model"": ""HistGradientBoostingClassifier"", ""params"": {""l2_regularization"": 10.0, ""max_leaf_nodes"": 3, ""min_samples_leaf"": 15}}}",0.9912280701754387,0.9761904761904762,0.10632717994598682,0.3757311604785833,0.2612252157419697,0.8903508771929824,0.8333333333333334,1.0,0.8333333333333334,1.0,1.0,0.011976024282913954,0.09505261544860706,0.08826822690711081,1.0,1.0,1.0,0.8333333333333334
44,99,24,5,0.20833333333333334,behavior_plus_rating,sklearn.HistGradientBoostingClassifier,"{""A_elastic_net_logistic"": {""model"": ""LogisticRegression"", ""params"": {""C"": 0.2, ""l1_ratio"": 0.8}}, ""B_gradient_boosting"": {""model"": ""HistGradientBoostingClassifier"", ""params"": {""l2_regularization"": 10.0, ""max_leaf_nodes"": 3, ""min_samples_leaf"": 15}}}",0.831578947368421,0.7626315789473684,0.120125316766943,0.4022359768713688,0.13679340382983235,0.8736842105263158,0.8,0.8,0.8,1.0,1.0,0.015086715872626383,0.11220670967524171,0.10364929576901799,1.0,1.0,1.0,1.0
45,99,24,5,0.20833333333333334,behavior_plus_rating,sklearn.HistGradientBoostingClassifier,"{""A_elastic_net_logistic"": {""model"": ""LogisticRegression"", ""params"": {""C"": 0.2, ""l1_ratio"": 0.8}}, ""B_gradient_boosting"": {""model"": ""HistGradientBoostingClassifier"", ""params"": {""l2_regularization"": 10.0, ""max_leaf_nodes"": 3, ""min_samples_leaf"": 15}}}",0.9368421052631578,0.7683333333333333,0.0863227139961722,0.2901978099526081,0.14345649573392302,0.7736842105263158,0.6666666666666666,0.8,0.8,0.9789473684210527,0.925,0.04348730363809841,0.18442883045661648,0.03619203587160262,0.9,0.8888888888888888,0.8,0.8
46,98,25,5,0.2,behavior_plus_rating,sklearn.HistGradientBoostingClassifier,"{""A_elastic_net_logistic"": {""model"": ""LogisticRegression"", ""params"": {""C"": 0.2, ""l1_ratio"": 0.8}}, ""B_gradient_boosting"": {""model"": ""HistGradientBoostingClassifier"", ""params"": {""l2_regularization"": 10.0, ""max_leaf_nodes"": 3, ""min_samples_leaf"": 15}}}",0.83,0.6959649122807018,0.1402875189425905,0.4503529088564268,0.15682133559392764,0.7749999999999999,0.6666666666666666,0.8,0.8,1.0,1.0,0.014904898833892415,0.11160550312376431,0.10316734550725118,1.0,1.0,1.0,1.0
47,98,25,6,0.24,behavior_plus_rating,sklearn.HistGradientBoostingClassifier,"{""A_elastic_net_logistic"": {""model"": ""LogisticRegression"", ""params"": {""C"": 0.2, ""l1_ratio"": 0.8}}, ""B_gradient_boosting"": {""model"": ""HistGradientBoostingClassifier"", ""params"": {""l2_regularization"": 10.0, ""max_leaf_nodes"": 3, ""min_samples_leaf"": 15}}}",1.0,1.0,0.06557199301516038,0.2526996795852455,0.14784470235443534,0.9166666666666667,0.9090909090909091,1.0,0.8333333333333334,1.0,1.0,0.014206613955946334,0.10925775019762858,0.10123698822500635,1.0,1.0,1.0,0.8333333333333334
48,98,25,6,0.24,behavior_plus_rating,sklearn.HistGradientBoostingClassifier,"{""A_elastic_net_logistic"": {""model"": ""LogisticRegression"", ""params"": {""C"": 0.2, ""l1_ratio"": 0.8}}, ""B_gradient_boosting"": {""model"": ""HistGradientBoostingClassifier"", ""params"": {""l2_regularization"": 10.0, ""max_leaf_nodes"": 3, ""min_samples_leaf"": 15}}}",0.8245614035087719,0.7149470899470899,0.1486030590207771,0.4715925139093863,0.1108767477270198,0.6666666666666666,0.5,0.6,0.5,0.9956140350877193,0.9761904761904762,0.03950522423113199,0.16216974937745565,0.04058032434179633,0.9166666666666667,0.9090909090909091,1.0,0.8333333333333334
49,99,24,5,0.20833333333333334,behavior_plus_rating,sklearn.HistGradientBoostingClassifier,"{""A_elastic_net_logistic"": {""model"": ""LogisticRegression"", ""params"": {""C"": 0.2, ""l1_ratio"": 0.8}}, ""B_gradient_boosting"": {""model"": ""HistGradientBoostingClassifier"", ""params"": {""l2_regularization"": 10.0, ""max_leaf_nodes"": 3, ""min_samples_leaf"": 15}}}",0.8421052631578948,0.8500000000000001,0.07917336114182132,0.31072550618124084,0.15050137891979273,0.9,0.8888888888888888,0.8,0.8,0.8368421052631579,0.8476190476190476,0.047388645214821605,0.21934645659143084,0.042007319422610954,0.9,0.8888888888888888,0.8,0.8
50,99,24,5,0.20833333333333334,behavior_plus_rating,sklearn.HistGradientBoostingClassifier,"{""A_elastic_net_logistic"": {""model"": ""LogisticRegression"", ""params"": {""C"": 0.2, ""l1_ratio"": 0.8}}, ""B_gradient_boosting"": {""model"": ""HistGradientBoostingClassifier"", ""params"": {""l2_regularization"": 10.0, ""max_leaf_nodes"": 3, ""min_samples_leaf"": 15}}}",0.9473684210526316,0.8711111111111111,0.08144430649042296,0.27229456820048914,0.09700731635031161,0.7736842105263158,0.6666666666666666,0.8,0.8,0.9578947368421052,0.9111111111111111,0.04446308750991124,0.1897333101491383,0.04010374742141219,0.9,0.8888888888888888,0.8,0.8
