split_id,repeat_id,fold_id,n_train_labeled,n_test_hidden,n_external_unlabeled,n_default_test,test_default_rate,scheme_b_context_nodes,graph_backend,graph_params,A_supervised_transfer__roc_auc,A_supervised_transfer__pr_auc,A_supervised_transfer__brier,A_supervised_transfer__log_loss,A_supervised_transfer__ece_5bin,A_supervised_transfer__balanced_accuracy_05,A_supervised_transfer__f1_05,A_supervised_transfer__precision_top20,A_supervised_transfer__recall_top20,B_label_propagation__roc_auc,B_label_propagation__pr_auc,B_label_propagation__brier,B_label_propagation__log_loss,B_label_propagation__ece_5bin,B_label_propagation__balanced_accuracy_05,B_label_propagation__f1_05,B_label_propagation__precision_top20,B_label_propagation__recall_top20
1,1,1,98,25,302,5,0.2,327,sklearn.LabelSpreading(kernel=knn),"{""alpha"": 0.2, ""max_iter"": 50, ""n_neighbors"": 10}",0.97,0.925,0.05778532169993973,0.22866208122595538,0.12531690905300874,0.9,0.8888888888888888,0.8,0.8,0.98,0.9266666666666667,0.05038640714939576,0.16163404420333777,0.0609903207952946,0.8,0.75,0.8,0.8
2,1,2,98,25,302,6,0.24,327,sklearn.LabelSpreading(kernel=knn),"{""alpha"": 0.2, ""max_iter"": 50, ""n_neighbors"": 10}",0.8859649122807017,0.8859649122807017,0.13865102685535147,0.4477650064047357,0.15555338093915205,0.8640350877192983,0.7692307692307693,1.0,0.8333333333333334,0.736842105263158,0.498989898989899,0.1782736503855298,0.926834977804123,0.14870268851885413,0.6140350877192983,0.4,0.6,0.5
3,1,3,98,25,302,6,0.24,327,sklearn.LabelSpreading(kernel=knn),"{""alpha"": 0.2, ""max_iter"": 50, ""n_neighbors"": 10}",0.7807017543859649,0.76875,0.12124920185586018,0.4118456346460666,0.08410026293627279,0.6666666666666666,0.5,0.8,0.6666666666666666,0.7017543859649124,0.5899470899470899,0.18167030002758333,0.9034029426748574,0.1855399467738593,0.6403508771929824,0.4444444444444444,0.4,0.3333333333333333
4,1,4,99,24,302,5,0.20833333333333334,326,sklearn.LabelSpreading(kernel=knn),"{""alpha"": 0.2, ""max_iter"": 50, ""n_neighbors"": 10}",0.8947368421052633,0.8314285714285714,0.10804768234382751,0.36514139517513405,0.12763511338298278,0.7736842105263158,0.6666666666666666,0.8,0.8,0.9789473684210527,0.9428571428571428,0.056639231980962546,0.18544978016842062,0.07523430377535052,0.9,0.8888888888888888,0.8,0.8
5,1,5,99,24,302,5,0.20833333333333334,326,sklearn.LabelSpreading(kernel=knn),"{""alpha"": 0.2, ""max_iter"": 50, ""n_neighbors"": 10}",0.6842105263157894,0.5359477124183006,0.15736183492911104,0.48928481519996697,0.1357206773890192,0.6736842105263158,0.5,0.4,0.4,0.8421052631578947,0.6255555555555555,0.1416052702067344,0.41968162469216835,0.08362042372535386,0.7473684210526316,0.6,0.6,0.6
6,2,1,98,25,302,5,0.2,327,sklearn.LabelSpreading(kernel=knn),"{""alpha"": 0.2, ""max_iter"": 50, ""n_neighbors"": 10}",0.65,0.5675133689839572,0.16073275709036458,0.4974334179870248,0.1464130882662791,0.675,0.5,0.4,0.4,0.55,0.5254227053140097,0.23928582707698065,1.6102759557935686,0.28169574611950904,0.6000000000000001,0.36363636363636365,0.4,0.4
7,2,2,98,25,302,6,0.24,327,sklearn.LabelSpreading(kernel=knn),"{""alpha"": 0.2, ""max_iter"": 50, ""n_neighbors"": 10}",0.9736842105263157,0.9444444444444444,0.11590418035964771,0.3980730260658046,0.17595124355902622,0.8333333333333333,0.8,1.0,0.8333333333333334,0.9210526315789473,0.7513888888888888,0.13108866709845934,0.40235735214955537,0.13674280529400187,0.6403508771929824,0.4444444444444444,0.8,0.6666666666666666
8,2,3,98,25,302,6,0.24,327,sklearn.LabelSpreading(kernel=knn),"{""alpha"": 0.2, ""max_iter"": 50, ""n_neighbors"": 10}",0.8771929824561404,0.7349206349206349,0.11274002506669924,0.3597896976434575,0.05703650037458898,0.6973684210526316,0.5454545454545454,0.6,0.5,0.7894736842105263,0.7142857142857143,0.13350343585015328,0.6811650596062985,0.145141408134201,0.75,0.6666666666666666,0.6,0.5
9,2,4,99,24,302,5,0.20833333333333334,326,sklearn.LabelSpreading(kernel=knn),"{""alpha"": 0.2, ""max_iter"": 50, ""n_neighbors"": 10}",1.0,1.0,0.08347422848553165,0.3121216517609538,0.2534160242217814,0.9473684210526316,0.8333333333333334,1.0,1.0,0.8947368421052632,0.6342424242424242,0.1164953002033511,0.35671983770447363,0.10708616562819397,0.8210526315789474,0.6666666666666666,0.8,0.8
10,2,5,99,24,302,5,0.20833333333333334,326,sklearn.LabelSpreading(kernel=knn),"{""alpha"": 0.2, ""max_iter"": 50, ""n_neighbors"": 10}",0.8210526315789474,0.7555555555555555,0.12046194319076246,0.39252185688436386,0.08166474423959699,0.6,0.3333333333333333,0.6,0.6,0.8210526315789475,0.6941558441558442,0.13269589976417365,0.4677170002069129,0.1428199691760447,0.7,0.5714285714285714,0.6,0.6
11,3,1,98,25,302,5,0.2,327,sklearn.LabelSpreading(kernel=knn),"{""alpha"": 0.2, ""max_iter"": 50, ""n_neighbors"": 10}",0.87,0.8555555555555556,0.1324345008368864,0.43795929460541716,0.2443414912957578,0.875,0.8,0.8,0.8,0.76,0.6543434343434343,0.10998549336140355,0.732308305612754,0.10341326850234649,0.675,0.5,0.6,0.6
12,3,2,98,25,302,6,0.24,327,sklearn.LabelSpreading(kernel=knn),"{""alpha"": 0.2, ""max_iter"": 50, ""n_neighbors"": 10}",0.8333333333333334,0.769298245614035,0.11899180730564421,0.38726144816428004,0.11266367741987589,0.8070175438596491,0.7272727272727273,0.8,0.6666666666666666,0.6929824561403509,0.5887021475256768,0.16376643250119652,0.7682502348302055,0.17328435586338528,0.7543859649122806,0.6153846153846154,0.6,0.5
13,3,3,98,25,302,6,0.24,327,sklearn.LabelSpreading(kernel=knn),"{""alpha"": 0.2, ""max_iter"": 50, ""n_neighbors"": 10}",0.8771929824561404,0.7893790849673202,0.10104068556659032,0.34499730539074575,0.1288073216845051,0.8070175438596491,0.7272727272727273,0.8,0.6666666666666666,0.7149122807017545,0.6700505050505051,0.14163318370234612,0.9323588431566345,0.19465569712868774,0.75,0.6666666666666666,0.6,0.5
14,3,4,99,24,302,5,0.20833333333333334,326,sklearn.LabelSpreading(kernel=knn),"{""alpha"": 0.2, ""max_iter"": 50, ""n_neighbors"": 10}",0.8842105263157896,0.8266666666666667,0.11011724583811054,0.38074209542719,0.1526773916256497,0.8,0.75,0.8,0.8,0.9052631578947368,0.6226190476190476,0.11262668246431595,0.32226139630479966,0.13473405148970924,0.7736842105263158,0.6666666666666666,0.6,0.6
15,3,5,99,24,302,5,0.20833333333333334,326,sklearn.LabelSpreading(kernel=knn),"{""alpha"": 0.2, ""max_iter"": 50, ""n_neighbors"": 10}",0.8631578947368421,0.6385281385281385,0.13801292953502867,0.41651507425774864,0.12018828449504163,0.6210526315789473,0.4,0.4,0.4,0.8736842105263158,0.6476190476190476,0.11193600512632566,0.31935790256092716,0.057409246413881114,0.6473684210526316,0.4444444444444444,0.4,0.4
16,4,1,98,25,302,5,0.2,327,sklearn.LabelSpreading(kernel=knn),"{""alpha"": 0.2, ""max_iter"": 50, ""n_neighbors"": 10}",0.98,0.9266666666666667,0.06519755635929084,0.250139120022825,0.15406701319511887,0.875,0.8,0.8,0.8,0.95,0.8999999999999999,0.0531868252335116,0.20499810239552502,0.08443474144914102,0.9,0.8888888888888888,0.8,0.8
17,4,2,98,25,302,6,0.24,327,sklearn.LabelSpreading(kernel=knn),"{""alpha"": 0.2, ""max_iter"": 50, ""n_neighbors"": 10}",0.9298245614035088,0.9047619047619048,0.1301006073905302,0.43236291580052955,0.21308558845727582,0.9166666666666667,0.9090909090909091,1.0,0.8333333333333334,0.8070175438596492,0.5823713323713323,0.14128591461536116,0.3871732763383825,0.08064479053303789,0.6140350877192983,0.4,0.4,0.3333333333333333
18,4,3,98,25,302,6,0.24,327,sklearn.LabelSpreading(kernel=knn),"{""alpha"": 0.2, ""max_iter"": 50, ""n_neighbors"": 10}",0.7894736842105263,0.6716269841269841,0.14387122157122706,0.4503376940674013,0.08063670823212354,0.6666666666666666,0.5,0.6,0.5,0.8421052631578947,0.6943473193473193,0.14144497088830132,0.503581538275381,0.13830572810552128,0.6403508771929824,0.4444444444444444,0.6,0.5
19,4,4,99,24,302,5,0.20833333333333334,326,sklearn.LabelSpreading(kernel=knn),"{""alpha"": 0.2, ""max_iter"": 50, ""n_neighbors"": 10}",0.7578947368421053,0.712156862745098,0.14517901551543574,0.45818830450742115,0.20740279261162903,0.7736842105263158,0.6666666666666666,0.6,0.6,0.6105263157894737,0.48287878787878785,0.1973265703342502,1.2937109761764158,0.19527227669891267,0.6210526315789473,0.4,0.4,0.4
20,4,5,99,24,302,5,0.20833333333333334,326,sklearn.LabelSpreading(kernel=knn),"{""alpha"": 0.2, ""max_iter"": 50, ""n_neighbors"": 10}",0.8526315789473685,0.52,0.13891288081969233,0.41557251625376695,0.05996577551170717,0.5473684210526316,0.25,0.6,0.6,0.7263157894736842,0.3542424242424242,0.16930196220777402,0.44809724381897303,0.17949667754566806,0.4473684210526316,0.0,0.2,0.2
21,5,1,98,25,302,5,0.2,327,sklearn.LabelSpreading(kernel=knn),"{""alpha"": 0.2, ""max_iter"": 50, ""n_neighbors"": 10}",1.0,1.0,0.08061438432398266,0.3109450795231174,0.25399669582091866,0.8,0.75,1.0,1.0,0.9500000000000001,0.8261904761904761,0.07898685722253226,0.22581203276099596,0.11089344694920927,0.7749999999999999,0.6666666666666666,0.6,0.6
22,5,2,98,25,302,6,0.24,327,sklearn.LabelSpreading(kernel=knn),"{""alpha"": 0.2, ""max_iter"": 50, ""n_neighbors"": 10}",0.6491228070175439,0.5665869218500797,0.16616839995093394,0.5240874877646934,0.1507839422645645,0.6403508771929824,0.4444444444444444,0.4,0.3333333333333333,0.5877192982456141,0.4316245791245791,0.196794466439333,1.2149162999803833,0.18321357982019595,0.5833333333333334,0.2857142857142857,0.2,0.16666666666666666
23,5,3,98,25,302,6,0.24,327,sklearn.LabelSpreading(kernel=knn),"{""alpha"": 0.2, ""max_iter"": 50, ""n_neighbors"": 10}",0.9649122807017544,0.8972222222222223,0.0801860057200987,0.28994020457836656,0.1719855957385989,0.8903508771929824,0.8333333333333334,0.8,0.6666666666666666,0.8859649122807017,0.6771825396825396,0.12395403513286153,0.36045378176191883,0.11676876566424157,0.6973684210526316,0.5454545454545454,0.6,0.5
24,5,4,99,24,302,5,0.20833333333333334,326,sklearn.LabelSpreading(kernel=knn),"{""alpha"": 0.2, ""max_iter"": 50, ""n_neighbors"": 10}",0.6526315789473685,0.4116666666666666,0.18633454779215855,0.5542962936276822,0.1461749947186605,0.6210526315789473,0.4,0.4,0.4,0.6263157894736843,0.3334415584415584,0.19821933184674187,1.0224222422576952,0.15014291281561626,0.5210526315789473,0.2222222222222222,0.2,0.2
25,5,5,99,24,302,5,0.20833333333333334,326,sklearn.LabelSpreading(kernel=knn),"{""alpha"": 0.2, ""max_iter"": 50, ""n_neighbors"": 10}",1.0,1.0,0.09111175451902394,0.32809408338483875,0.15599908296604237,0.7,0.5714285714285714,1.0,1.0,0.9263157894736842,0.7295238095238095,0.08820844562845,0.26042457343756925,0.09420084749448929,0.8473684210526315,0.7272727272727273,0.6,0.6
26,6,1,98,25,302,5,0.2,327,sklearn.LabelSpreading(kernel=knn),"{""alpha"": 0.2, ""max_iter"": 50, ""n_neighbors"": 10}",0.97,0.9028571428571428,0.10493100901283794,0.35272388556218937,0.20242405359192941,0.9,0.7142857142857143,0.8,0.8,0.96,0.885,0.08544250854840822,0.2596488947305805,0.1296391690032162,0.925,0.7692307692307693,0.8,0.8
27,6,2,98,25,302,6,0.24,327,sklearn.LabelSpreading(kernel=knn),"{""alpha"": 0.2, ""max_iter"": 50, ""n_neighbors"": 10}",0.8421052631578947,0.8490338164251208,0.10769598673756446,0.37470057489329556,0.12360802813612037,0.8333333333333333,0.8,0.8,0.6666666666666666,0.7982456140350876,0.7277375201288244,0.13006799896956067,0.804495327785509,0.12856793769000066,0.7236842105263157,0.6,0.8,0.6666666666666666
28,6,3,98,25,302,6,0.24,327,sklearn.LabelSpreading(kernel=knn),"{""alpha"": 0.2, ""max_iter"": 50, ""n_neighbors"": 10}",0.8245614035087719,0.7924242424242424,0.14093459277614942,0.45527672878968906,0.11601894191646515,0.8333333333333333,0.8,0.8,0.6666666666666666,0.780701754385965,0.5085470085470085,0.17544714352340093,0.6220989440792147,0.12396166615063674,0.6140350877192983,0.4,0.6,0.5
29,6,4,99,24,302,5,0.20833333333333334,326,sklearn.LabelSpreading(kernel=knn),"{""alpha"": 0.2, ""max_iter"": 50, ""n_neighbors"": 10}",0.8842105263157894,0.7797979797979797,0.09863604051918436,0.33254154448646817,0.08417891707673687,0.8,0.75,0.6,0.6,0.6842105263157895,0.3883333333333333,0.1473927092835518,0.864909679470013,0.10019301444958428,0.5473684210526316,0.25,0.4,0.4
30,6,5,99,24,302,5,0.20833333333333334,326,sklearn.LabelSpreading(kernel=knn),"{""alpha"": 0.2, ""max_iter"": 50, ""n_neighbors"": 10}",0.7894736842105264,0.5731092436974791,0.13330440349613878,0.4283850651232599,0.0991420546395801,0.6,0.3333333333333333,0.4,0.4,0.831578947368421,0.7626315789473684,0.09510316970579961,0.5148135661790806,0.03937398656405785,0.6736842105263158,0.5,0.8,0.8
31,7,1,98,25,302,5,0.2,327,sklearn.LabelSpreading(kernel=knn),"{""alpha"": 0.2, ""max_iter"": 50, ""n_neighbors"": 10}",0.8300000000000001,0.5166666666666666,0.14261039618915827,0.44850834971861225,0.12344646255291652,0.725,0.5454545454545454,0.6,0.6,0.9400000000000001,0.6861904761904762,0.0747642747789017,0.21992694008604502,0.10213804393653735,0.875,0.8,0.8,0.8
32,7,2,98,25,302,6,0.24,327,sklearn.LabelSpreading(kernel=knn),"{""alpha"": 0.2, ""max_iter"": 50, ""n_neighbors"": 10}",0.8421052631578948,0.8026315789473684,0.1241471760167991,0.40375884783466987,0.07000240213336066,0.6666666666666666,0.5,0.8,0.6666666666666666,0.6403508771929824,0.45777777777777773,0.16822535949324105,1.3448029020457273,0.17004944912742717,0.5570175438596491,0.25,0.6,0.5
33,7,3,98,25,302,6,0.24,327,sklearn.LabelSpreading(kernel=knn),"{""alpha"": 0.2, ""max_iter"": 50, ""n_neighbors"": 10}",0.9298245614035088,0.869047619047619,0.14046353760225785,0.45998033228810475,0.1808977698805758,0.75,0.6666666666666666,0.8,0.6666666666666666,0.9298245614035088,0.8107142857142856,0.0970409303546693,0.30316559470592475,0.10151271362776176,0.8377192982456141,0.7142857142857143,0.8,0.6666666666666666
34,7,4,99,24,302,5,0.20833333333333334,326,sklearn.LabelSpreading(kernel=knn),"{""alpha"": 0.2, ""max_iter"": 50, ""n_neighbors"": 10}",0.8105263157894737,0.6421568627450982,0.12214030949086509,0.39747289785029216,0.05851188054161813,0.6736842105263158,0.5,0.6,0.6,0.8421052631578947,0.5909090909090908,0.16592592469161263,0.5368249510764285,0.155659219662705,0.5473684210526316,0.25,0.4,0.4
35,7,5,99,24,302,5,0.20833333333333334,326,sklearn.LabelSpreading(kernel=knn),"{""alpha"": 0.2, ""max_iter"": 50, ""n_neighbors"": 10}",0.7052631578947369,0.7006211180124223,0.16364223837546232,0.5048916938480777,0.2174784126264878,0.7210526315789474,0.5454545454545454,0.6,0.6,0.8105263157894737,0.7526315789473685,0.10423793607848143,0.5505095141581741,0.12031676517413081,0.7736842105263158,0.6666666666666666,0.6,0.6
36,8,1,98,25,302,5,0.2,327,sklearn.LabelSpreading(kernel=knn),"{""alpha"": 0.2, ""max_iter"": 50, ""n_neighbors"": 10}",0.59,0.5349624060150375,0.1833269370966018,0.5419178787942102,0.21075308764367606,0.625,0.4,0.4,0.4,0.6000000000000001,0.302014652014652,0.23132723063252267,1.1100275819961696,0.22724461514491473,0.675,0.46153846153846156,0.2,0.2
37,8,2,98,25,302,6,0.24,327,sklearn.LabelSpreading(kernel=knn),"{""alpha"": 0.2, ""max_iter"": 50, ""n_neighbors"": 10}",0.9912280701754387,0.9761904761904762,0.07596886126635512,0.3004894708244749,0.20548134655520878,0.9166666666666667,0.9090909090909091,1.0,0.8333333333333334,0.8333333333333334,0.7175925925925926,0.1306176244724291,0.4766026567432652,0.11855369514518116,0.6403508771929824,0.4444444444444444,0.6,0.5
38,8,3,98,25,302,6,0.24,327,sklearn.LabelSpreading(kernel=knn),"{""alpha"": 0.2, ""max_iter"": 50, ""n_neighbors"": 10}",0.8421052631578948,0.6819444444444444,0.11660839920106383,0.3749105999435004,0.05897121612920709,0.7236842105263157,0.6,0.8,0.6666666666666666,0.8333333333333334,0.8162878787878788,0.1097853246547421,0.5577139209477212,0.11124370239009693,0.75,0.6666666666666666,0.8,0.6666666666666666
39,8,4,99,24,302,5,0.20833333333333334,326,sklearn.LabelSpreading(kernel=knn),"{""alpha"": 0.2, ""max_iter"": 50, ""n_neighbors"": 10}",0.8,0.5709090909090909,0.15593014352714954,0.4832065838628095,0.16259447679008812,0.6210526315789473,0.4,0.4,0.4,0.8631578947368421,0.5120634920634921,0.12473231219420655,0.37067541320842423,0.07228400225379294,0.7473684210526316,0.6,0.6,0.6
40,8,5,99,24,302,5,0.20833333333333334,326,sklearn.LabelSpreading(kernel=knn),"{""alpha"": 0.2, ""max_iter"": 50, ""n_neighbors"": 10}",0.9894736842105264,0.9666666666666667,0.0931043512297965,0.3070453080498065,0.14411971815866018,0.7,0.5714285714285714,0.8,0.8,0.9157894736842105,0.8111111111111111,0.1327597076061975,0.49392719031268234,0.13402166089759004,0.5,0.0,0.6,0.6
41,9,1,98,25,302,5,0.2,327,sklearn.LabelSpreading(kernel=knn),"{""alpha"": 0.2, ""max_iter"": 50, ""n_neighbors"": 10}",0.8400000000000001,0.7124999999999999,0.11372220279418938,0.36762554050633667,0.08442064792939763,0.675,0.5,0.6,0.6,0.6900000000000001,0.5787878787878789,0.13944553697332424,0.750518925091218,0.18774642195557514,0.7,0.5714285714285714,0.4,0.4
42,9,2,98,25,302,6,0.24,327,sklearn.LabelSpreading(kernel=knn),"{""alpha"": 0.2, ""max_iter"": 50, ""n_neighbors"": 10}",0.7280701754385965,0.5962823725981621,0.14653043008683153,0.45639224141021745,0.1128598682171669,0.6403508771929824,0.4444444444444444,0.4,0.3333333333333333,0.8596491228070176,0.7047008547008546,0.13270536375089972,0.41443813007964453,0.13798433642254876,0.6403508771929824,0.4444444444444444,0.6,0.5
43,9,3,98,25,302,6,0.24,327,sklearn.LabelSpreading(kernel=knn),"{""alpha"": 0.2, ""max_iter"": 50, ""n_neighbors"": 10}",0.9824561403508771,0.9583333333333334,0.11607311026140459,0.39740216002168544,0.27343199366250276,0.8903508771929824,0.8333333333333334,1.0,0.8333333333333334,0.6754385964912281,0.417065527065527,0.21092113791935407,1.2220274270307714,0.17257314804606397,0.6447368421052632,0.46153846153846156,0.6,0.5
44,9,4,99,24,302,5,0.20833333333333334,326,sklearn.LabelSpreading(kernel=knn),"{""alpha"": 0.2, ""max_iter"": 50, ""n_neighbors"": 10}",0.7894736842105264,0.5909523809523809,0.13360737035411702,0.435147620722007,0.09911683188634553,0.8736842105263158,0.8,0.8,0.8,0.8105263157894737,0.8054545454545454,0.08556844866699453,0.7049376376102016,0.07372055363532212,0.8,0.75,0.8,0.8
45,9,5,99,24,302,5,0.20833333333333334,326,sklearn.LabelSpreading(kernel=knn),"{""alpha"": 0.2, ""max_iter"": 50, ""n_neighbors"": 10}",0.9368421052631578,0.7683333333333333,0.11378277347211267,0.3464539428433066,0.16769367884187014,0.5736842105263158,0.2857142857142857,0.8,0.8,0.8842105263157896,0.6587301587301587,0.10769051851958655,0.29613996514163116,0.07367908178399563,0.6473684210526316,0.4444444444444444,0.4,0.4
46,10,1,98,25,302,5,0.2,327,sklearn.LabelSpreading(kernel=knn),"{""alpha"": 0.2, ""max_iter"": 50, ""n_neighbors"": 10}",0.77,0.6410973084886129,0.15741610306036008,0.4902819884954303,0.1803232623567535,0.7749999999999999,0.6666666666666666,0.6,0.6,0.67,0.471205533596838,0.17637227847880918,0.8893030994347956,0.12947625337779994,0.525,0.2222222222222222,0.4,0.4
47,10,2,98,25,302,6,0.24,327,sklearn.LabelSpreading(kernel=knn),"{""alpha"": 0.2, ""max_iter"": 50, ""n_neighbors"": 10}",0.9824561403508771,0.9583333333333334,0.0885095036467965,0.31437055142021425,0.13430310364824072,0.75,0.6666666666666666,1.0,0.8333333333333334,0.9473684210526316,0.8857142857142857,0.10293155834581952,0.3439983511206682,0.08063560514628168,0.75,0.6666666666666666,0.8,0.6666666666666666
48,10,3,98,25,302,6,0.24,327,sklearn.LabelSpreading(kernel=knn),"{""alpha"": 0.2, ""max_iter"": 50, ""n_neighbors"": 10}",0.7894736842105263,0.6960978835978836,0.15198888920119924,0.47896115823586155,0.11190084643969994,0.6666666666666666,0.5,0.6,0.5,0.868421052631579,0.5541666666666666,0.16723443047664913,0.5224958551179844,0.18097839988653486,0.6973684210526316,0.5454545454545454,0.6,0.5
49,10,4,99,24,302,5,0.20833333333333334,326,sklearn.LabelSpreading(kernel=knn),"{""alpha"": 0.2, ""max_iter"": 50, ""n_neighbors"": 10}",0.8105263157894737,0.780952380952381,0.10357645239723727,0.3702710674769343,0.14152265640345435,0.7736842105263158,0.6666666666666666,0.6,0.6,0.8105263157894738,0.7388235294117647,0.12776145490361335,0.4983852646524083,0.19316686411897815,0.7473684210526316,0.6,0.6,0.6
50,10,5,99,24,302,5,0.20833333333333334,326,sklearn.LabelSpreading(kernel=knn),"{""alpha"": 0.2, ""max_iter"": 50, ""n_neighbors"": 10}",0.9052631578947369,0.7611111111111111,0.11077961492040493,0.33120330759229516,0.15516105025452573,0.7473684210526316,0.6,0.6,0.6,0.8736842105263158,0.6253968253968254,0.11551292957949384,0.31754639222909226,0.12668472239217743,0.6473684210526316,0.4444444444444444,0.4,0.4
