feature_set,metric,direction,A_aggregate_oof,B_aggregate_oof,B_minus_A,paired_bootstrap_mean_delta,paired_bootstrap_ci_low,paired_bootstrap_ci_high,bootstrap_probability_B_better,wilcoxon_p_for_B_lower_loss
invoice_behavior_only,roc_auc,higher,0.8564814814814815,0.8614969135802468,0.005015432098765316,0.005932226480662964,-0.048121163620121386,0.051198273053111885,0.601,
invoice_behavior_only,pr_auc,higher,0.7305016601049934,0.6528883803686658,-0.07761327973632759,-0.05979197138550528,-0.19910030523372807,0.08926533953793211,0.216,
invoice_behavior_only,brier,lower,0.11715077763861202,0.1041228320701928,-0.013027945568419227,-0.013567373655525291,-0.031637837751441286,0.0034310897824581144,0.939,0.0002431390892529737
invoice_behavior_only,log_loss,lower,0.3901486970752992,0.3504440708941448,-0.03970462618115439,-0.038531726723609994,-0.08794996706980356,0.01610101178748165,0.92,5.344842366705175e-05
invoice_behavior_only,ece_5bin,lower,0.09160121404933536,0.05914598755837896,-0.0324552264909564,-0.04045622325102248,-0.08712538516605998,0.00971640382002566,0.947,
invoice_behavior_only,balanced_accuracy_05,higher,0.7436342592592593,0.7702546296296295,0.02662037037037024,0.02887617249140815,-0.04269536223580339,0.10881076388888886,0.754,
invoice_behavior_only,f1_05,higher,0.6363636363636364,0.6666666666666666,0.030303030303030276,0.03488381781310484,-0.08438852426127083,0.1722549987939864,0.702,
invoice_behavior_only,precision_top20,higher,0.68,0.76,0.07999999999999996,0.07203999999999999,-0.08000000000000007,0.24,0.782,
invoice_behavior_only,recall_top20,higher,0.6296296296296297,0.7037037037037037,0.07407407407407407,0.06799291990826403,-0.08000000000000007,0.20848214285714275,0.776,
